time,group,mean,P2_5,P97_5,P25,P75,day
1,1,6.875048006,4.011640847,9.732686139,5.918415142,7.871812527,0
1,2,6.875048006,4.011640847,9.732686139,5.918415142,7.871812527,0
1,3,6.875048006,4.011640847,9.732686139,5.918415142,7.871812527,0
2,1,6.498543346,3.791947621,9.19968598,5.594299459,7.440721124,15
2,2,6.498543346,3.791947621,9.19968598,5.594299459,7.440721124,15
2,3,6.498543346,3.791947621,9.19968598,5.594299459,7.440721124,15
3,1,6.142657562,3.584285661,8.695875005,5.287933625,7.03323798,30
3,2,6.142657562,3.584285661,8.695875005,5.287933625,7.03323798,30
3,3,6.142657562,3.584285661,8.695875005,5.287933625,7.03323798,30
4,1,5.806261483,3.387996086,8.2196547,4.998345589,6.648070215,45
4,2,5.806261483,3.387996086,8.2196547,4.998345589,6.648070215,45
4,3,5.806261483,3.387996086,8.2196547,4.998345589,6.648070215,45
5,1,5.488287775,3.202456099,7.769514091,4.724616533,6.283995752,60
5,2,5.488287775,3.202456099,7.769514091,4.724616533,6.283995752,60
5,3,5.488287775,3.202456099,7.769514091,4.724616533,6.283995752,60
6,1,5.187727558,3.027077012,7.344024952,4.465877955,5.939859437,75
6,2,5.187727558,3.027077012,7.344024952,4.465877955,5.939859437,75
6,3,5.187727558,3.027077012,7.344024952,4.465877955,5.939859437,75
7,1,4.9036272,2.861302373,6.94183727,4.22130892,5.614569381,90
7,2,4.9036272,2.861302373,6.94183727,4.22130892,5.614569381,90
7,3,4.9036272,2.861302373,6.94183727,4.22130892,5.614569381,90
8,1,4.635085295,2.704606205,6.561674968,3.990133446,5.307093486,105
8,2,4.635085295,2.704606205,6.561674968,3.990133446,5.307093486,105
8,3,4.635085295,2.704606205,6.561674968,3.990133446,5.307093486,105
9,1,4.3812498,2.556491336,6.202331848,3.771618051,5.016456181,120
9,2,4.3812498,2.556491336,6.202331848,3.771618051,5.016456181,120
9,3,4.3812498,2.556491336,6.202331848,3.771618051,5.016456181,120
10,1,4.141315335,2.416487819,5.86266777,3.565069417,4.741735317,135
10,2,4.141315335,2.416487819,5.86266777,3.565069417,4.741735317,135
10,3,4.141315335,2.416487819,5.86266777,3.565069417,4.741735317,135
11,1,3.914520625,2.284151445,5.541605032,3.369832199,4.482059248,150
11,2,3.914520625,2.284151445,5.541605032,3.369832199,4.482059248,150
11,3,3.914520625,2.284151445,5.541605032,3.369832199,4.482059248,150
12,1,3.700279047,2.159062331,5.240416166,3.185286939,4.237792735,165
12,2,3.700146085,2.159062331,5.238124953,3.185286939,4.236604061,165
12,3,3.700146085,2.159062331,5.238124953,3.185286939,4.236604061,165
13,1,4.943446703,2.283964694,7.265342065,3.492060639,6.235422403,180
13,2,3.497511537,2.040823589,4.951264635,3.010848102,4.004590966,180
13,3,3.497511537,2.040823589,4.951264635,3.010848102,4.004590966,180
14,1,6.276258175,5.058659673,7.492310804,5.853258963,6.692162591,195
14,2,3.305974054,1.929060065,4.680113917,2.845962222,3.785283819,195
14,3,3.305974054,1.929060065,4.680113917,2.845962222,3.785283819,195
15,1,6.26533048,5.055225249,7.47874961,5.843678659,6.680167781,210
15,2,3.124925917,1.823417151,4.423812478,2.690106141,3.577986795,210
15,3,3.124925917,1.823417151,4.423812478,2.690106141,3.577986795,210
16,1,6.253990138,5.046075215,7.465212961,5.833101513,6.668076578,225
16,2,2.95407955,1.723559659,4.191008559,2.543263073,3.38358383,225
16,3,2.953792687,1.723559659,4.181547113,2.542785352,3.38204217,225
17,1,6.242670322,5.036941744,7.451700814,5.822543512,6.656007259,240
17,2,5.797547325,1.848899953,7.686805453,2.799583745,6.852044649,240
17,3,2.792031386,1.629170755,3.952549153,2.403532429,3.196828243,240
18,1,6.231370996,5.027824804,7.438213124,5.812004621,6.643959787,255
18,2,6.866710189,5.887730962,7.84307685,6.526364006,7.199999696,255
18,3,2.63912877,1.539950959,3.736092021,2.271905543,3.02175736,255
19,1,6.220092121,5.018724366,7.424749847,5.801484806,6.63193412,270
19,2,6.854579329,5.883215713,7.828880764,6.515580834,7.187085213,270
19,3,2.494599702,1.45561719,3.531488932,2.147487063,2.856274046,270
20,1,6.208833661,5.0096404,7.411310939,5.790984032,6.61993022,285
20,2,6.842172438,5.872567004,7.814710373,6.503787536,7.174076482,285
20,3,2.357985614,1.37590187,3.338090713,2.029882228,2.699853249,285
21,1,6.19759558,5.000572876,7.397896356,5.780502264,6.607948048,300
21,2,6.829788003,5.86193757,7.80056563,6.492015583,7.161091296,300
21,3,2.228853051,1.300552074,3.155283741,1.918717896,2.55199867,300
22,1,6.186377839,4.991521764,7.384506053,5.770039469,6.595987563,315
22,2,6.817425985,5.851327376,7.78644649,6.480264938,7.148129614,315
22,3,2.106792295,1.229328729,2.982487998,1.81364136,2.412241189,315
23,1,6.175180403,4.982487035,7.371139986,5.759595611,6.584048727,330
23,2,6.805086342,5.840736386,7.772352905,6.468535561,7.135191392,330
23,3,1.991416065,1.162005854,2.819155229,1.714319229,2.280137377,330
24,1,6.164003234,4.973468659,7.357798113,5.749170657,6.5721315,345
24,2,6.792769034,5.830164566,7.75828483,6.456827415,7.122276589,345
24,3,1.882460933,1.098369845,2.672175486,1.620618568,2.156783622,345
25,1,6.152846296,4.964466607,7.344480388,5.738764572,6.560235844,360
25,2,6.780474021,5.819611881,7.744242219,6.445140461,7.109385162,360
25,3,2.829411051,1.158333623,8.226549198,1.775610807,7.701634027,360
26,1,6.141709552,4.955480848,7.331186769,5.728377323,6.548361719,375
26,2,6.768201261,5.809078296,7.730225025,6.433474661,7.096517069,375
26,3,7.714657808,7.092928169,8.33463251,7.500696313,7.92378306,375
27,1,6.130592966,4.946511353,7.317917211,5.718008874,6.536509087,390
27,2,6.755950716,5.798563778,7.716233202,6.421829975,7.083672267,390
27,3,7.701252418,7.083177542,8.319546701,7.487440176,7.909719698,390
28,1,6.119496501,4.937558094,7.304671672,5.707659192,6.524677908,405
28,2,6.743722344,5.788068291,7.702266705,6.410206367,7.070850714,405
28,3,7.687313036,7.070356885,8.304488197,7.473887797,7.895402987,405
29,1,6.108420121,4.92862104,7.291450107,5.697328244,6.512868143,420
29,2,6.731516106,5.777591801,7.688325487,6.398603798,7.058052369,420
29,3,7.673398885,7.057559433,8.289456949,7.460359949,7.88111219,420
30,1,6.097363789,4.919700162,7.278252473,5.687015995,6.501079754,435
30,2,6.719331961,5.767134273,7.674409503,6.387022229,7.045277189,435
30,3,7.659509918,7.044785145,8.274452908,7.446856586,7.866847259,435
31,1,6.08632747,4.910795431,7.265078728,5.676722411,6.489312703,450
31,2,6.70716987,5.756695674,7.660518707,6.375461624,7.032525132,450
31,3,7.645646091,7.032033978,8.259476025,7.433377664,7.852608148,450
32,1,6.075311126,4.901906818,7.251928827,5.666447458,6.47756695,465
32,2,6.695029792,5.746275969,7.646653053,6.363921943,7.019796156,465
32,3,7.631807357,7.019305892,8.24452625,7.419923139,7.83839481,465
33,1,6.064314722,4.893034294,7.238802727,5.656191104,6.465842457,480
33,2,6.682911688,5.735875123,7.632812497,6.352403149,7.00709022,480
33,3,7.617993672,7.006600843,8.229603534,7.406492967,7.824207198,480
34,1,6.053338222,4.884177829,7.225700386,5.645953313,6.454139185,495
34,2,6.670815518,5.725493104,7.618996992,6.340905204,6.994407282,495
34,3,7.604204989,6.993918791,8.214707828,7.393087105,7.810045266,495
35,1,6.043289055,4.875337394,7.216848493,5.635898671,6.443112613,510
35,2,6.659552495,5.715129876,7.608741772,6.329608692,6.982177497,510
35,3,7.590707974,6.982844424,8.201128183,7.380399086,7.797222401,510
36,1,6.068404181,4.883810366,7.296685306,5.65435561,6.483876438,525
36,2,6.680737265,5.723273337,7.671423751,6.346587465,7.014709232,525
36,3,7.600358757,6.977722516,8.298889909,7.383012034,7.821482445,525
37,1,6.353787486,5.034825283,7.623718319,5.898442176,6.798170761,540
37,2,6.948011889,5.829527912,7.955423669,6.558675358,7.328967852,540
37,3,7.832437723,7.063374605,8.562446991,7.542369453,8.110580063,540
38,1,6.632557923,5.493897981,7.721832372,6.246293795,7.007441108,555
38,2,7.205067317,6.215283287,8.083416374,6.888845692,7.504574492,555
38,3,8.055184776,7.373349186,8.625892924,7.84938805,8.250342548,555
39,1,6.658450695,5.595199386,7.721199366,6.287867448,7.021029831,570
39,2,7.216987225,6.361075478,8.078017087,6.918310648,7.510323449,570
39,3,8.06292626,7.507958307,8.616013282,7.871213157,8.249785569,570
40,1,6.646613346,5.588315313,7.70722388,6.277608354,7.00924752,585
40,2,7.205247228,6.350081037,8.063395756,6.906922399,7.496974486,585
40,3,8.048545957,7.497144464,8.60041817,7.858123542,8.235274934,585
41,1,6.634582877,5.578200379,7.693273689,6.266245789,6.996560677,600
41,2,7.192205623,6.338587295,8.048800889,6.894420766,7.48340485,600
41,3,8.033977968,7.48357452,8.584851284,7.843900221,8.220368964,600
42,1,6.622574182,5.568103753,7.679348749,6.254903791,6.983896798,615
42,2,7.179187623,6.327114357,8.034232439,6.881941762,7.469859775,615
42,3,8.019436348,7.470029139,8.569312575,7.829702644,8.205489973,615
43,1,6.610587224,5.558025402,7.665449013,6.243582321,6.971255841,630
43,2,7.166193186,6.315662186,8.019690358,6.869485344,7.456339218,630
43,3,8.004921048,7.456508274,8.553801991,7.815530765,8.190637914,630
44,1,6.598621963,5.547965293,7.651574436,6.232281344,6.958637763,645
44,2,7.15322227,6.304230743,8.005174599,6.857051473,7.442843132,645
44,3,7.990432022,7.443011883,8.538319482,7.801384538,8.175812737,645
45,1,6.586678358,5.537923392,7.637724972,6.221000822,6.946042525,660
45,2,7.14027483,6.292819991,7.990685113,6.844640108,7.429371475,660
45,3,7.97596922,7.42953992,8.522864996,7.787263915,8.161014393,660
46,1,6.574756372,5.527899668,7.623900575,6.209740717,6.933470084,675
46,2,7.127350826,6.281429893,7.976221854,6.832251207,7.415924202,675
46,3,7.961532597,7.416092342,8.507438483,7.773168851,8.146242835,675
47,1,6.562855965,5.517894087,7.610101201,6.198500994,6.9209204,690
47,2,7.114450215,6.270060411,7.961784773,6.81988473,7.402501268,690
47,3,7.947122104,7.402669104,8.492039892,7.759099299,8.131498014,690
48,1,6.550977097,5.507906617,7.596326805,6.187281614,6.90839343,705
48,2,7.101572954,6.258711508,7.947373823,6.807540637,7.38910263,705
48,3,7.932737694,7.389270162,8.476669173,7.745055214,8.116779881,705
49,1,6.539119731,5.497937223,7.582577339,6.176082542,6.895889135,720
49,2,7.088719,6.247383146,7.932988958,6.795218886,7.375728244,720
49,3,7.91837932,7.375895473,8.461326275,7.731036548,8.102088388,720
50,1,6.527283826,5.487985875,7.568852761,6.16490374,6.883407473,735
50,2,7.075888313,6.23607529,7.918630129,6.782919439,7.362378066,735
50,3,7.904046935,7.362544992,8.446011148,7.717043256,8.087423487,735
51,1,6.515469345,5.478052538,7.555153025,6.153745172,6.870948402,750
51,2,7.06308085,6.2247879,7.904297291,6.770642253,7.349052051,750
51,3,7.889740492,7.349218675,8.430723742,7.703075293,8.07278513,750
52,1,6.503676248,5.468137181,7.541478085,6.142606802,6.858511883,765
52,2,7.050296568,6.213520941,7.889990394,6.75838729,7.335750157,765
52,3,7.875459944,7.33591648,8.415464006,7.689132611,8.058173268,765
53,1,6.491904497,5.458239771,7.527827897,6.131488592,6.846097874,780
53,2,7.037535426,6.202274375,7.875709394,6.746154508,7.32247234,780
53,3,7.861205244,7.322638361,8.40023189,7.675215166,8.043587854,780
54,1,6.480154053,5.448360276,7.514202416,6.120390506,6.833706335,795
54,2,7.024797381,6.191048166,7.861454242,6.733943867,7.309218555,795
54,3,7.846976345,7.309384276,8.385027345,7.661322912,8.02902884,795
55,1,6.468424877,5.438498662,7.500601597,6.109312507,6.821337224,810
55,2,7.012082393,6.179842276,7.847224893,6.721755328,7.295988761,810
55,3,7.8327732,7.296154181,8.36985032,7.647455803,8.014496178,810
56,1,6.456716932,5.428654898,7.487025396,6.09825456,6.808990502,825
56,2,6.999390419,6.168656669,7.833021298,6.70958885,7.282782912,825
56,3,7.818595764,7.282948033,8.354700766,7.633613794,7.99998982,825
57,1,6.445030177,5.418828952,7.473473768,6.087216628,6.796666127,840
57,2,6.986721418,6.157491309,7.818843413,6.697444394,7.269600966,840
57,3,7.804443989,7.269765789,8.339578633,7.619796839,7.985509719,840
58,1,6.433364576,5.409020791,7.459946669,6.076198675,6.78436406,855
58,2,6.974075348,6.146346157,7.804691189,6.68532192,7.25644288,855
58,3,7.790317828,7.256607404,8.324483871,7.606004893,7.971055827,855
59,1,6.42172009,5.399230382,7.446444054,6.065200665,6.772084259,870
59,2,6.961452167,6.135221179,7.790564582,6.673221387,7.24330861,870
59,3,7.776217237,7.243472836,8.309416431,7.59223791,7.956628097,870
60,1,6.410096681,5.389457694,7.432965879,6.054222561,6.759826686,885
60,2,6.948851835,6.124116337,7.776463543,6.661142757,7.230198113,885
60,3,7.762142167,7.230362042,8.294376263,7.578495846,7.942226481,885
61,1,6.39849431,5.379702695,7.4195121,6.043264328,6.747591298,900
61,2,6.936274309,6.113031595,7.762388028,6.649085989,7.217111346,900
61,3,7.748092574,7.217274979,8.279363318,7.564778655,7.927850932,900
62,1,6.38691294,5.369965353,7.406082672,6.032325929,6.735378057,915
62,2,6.923719549,6.101966916,7.74833799,6.637051044,7.204048267,915
62,3,7.734068411,7.204211603,8.264377546,7.551086293,7.913501404,915
63,1,6.375352532,5.360245636,7.392677552,6.021407329,6.723186922,930
63,2,6.911187513,6.090922265,7.734313382,6.625037882,7.191008832,930
63,3,7.720069631,7.191171872,8.2494189,7.537418714,7.899177848,930
64,1,6.363813049,5.350543511,7.379296695,6.010508492,6.711017854,945
64,2,6.89867816,6.079897605,7.720314159,6.613046465,7.177992998,945
64,3,7.70609619,7.178155744,8.234487328,7.523775873,7.884880218,945
65,1,6.352294452,5.340858947,7.365940058,5.999629382,6.698870811,960
65,2,6.88619145,6.068892899,7.706340275,6.601076752,7.165000724,960
65,3,7.692148041,7.165163175,8.219582783,7.510157727,7.870608467,960
66,1,6.340796704,5.331191913,7.352607596,5.988769963,6.686745755,975
66,2,6.87372734,6.057908112,7.692391684,6.589128704,7.152031965,975
66,3,7.678225138,7.152194122,8.204705215,7.496564229,7.856362548,975
67,1,6.329319767,5.321542376,7.339299266,5.9779302,6.674642645,990
67,2,6.861285791,6.046943208,7.67846834,6.577202283,7.139086681,990
67,3,7.664327435,7.139248544,8.189854576,7.482995336,7.842142414,990
68,1,6.317863604,5.311910304,7.326015025,5.967110057,6.662561442,1005
68,2,6.848866761,6.035998151,7.664570198,6.565297448,7.126164827,1005
68,3,7.650454888,7.126326397,8.175030817,7.469451002,7.827948019,1005
69,1,6.306428177,5.302295667,7.312754828,5.956309498,6.650502106,1020
69,2,6.83647021,6.025072904,7.650697211,6.553414162,7.113266362,1020
69,3,7.636607451,7.11342764,8.160233889,7.455931184,7.813779316,1020
70,1,6.295013447,5.292698433,7.299518633,5.945528489,6.638464598,1035
70,2,6.824096097,6.014167432,7.636849335,6.541552384,7.100391244,1035
70,3,7.622785077,7.10055223,8.145463744,7.442435838,7.799636259,1035
71,1,6.283619379,5.28311857,7.286306395,5.934766994,6.626448878,1050
71,2,6.811744381,6.003281699,7.623026524,6.529712077,7.087539429,1050
71,3,7.608987722,7.087700124,8.130720333,7.428964917,7.785518801,1050
72,1,6.272245934,5.273556046,7.273118071,5.924024977,6.614454906,1065
72,2,6.799415022,5.992415669,7.609228732,6.5178932,7.074710877,1065
72,3,7.595215341,7.074871281,8.116003607,7.41551838,7.771426895,1065
73,1,6.260893075,5.264010831,7.259953619,5.913302403,6.602482644,1080
73,2,6.787107979,5.981569307,7.595455914,6.506095716,7.061905545,1080
73,3,7.581467887,7.062065658,8.10131352,7.402096181,7.757360497,1080
74,1,6.249560765,5.254482893,7.246812995,5.902599237,6.590532052,1095
74,2,6.774823212,5.970742577,7.581708025,6.494319586,7.04912339,1095
74,3,7.567745317,7.049283214,8.086650021,7.388698276,7.743319558,1095
75,1,6.238248967,5.2449722,7.233696155,5.891915444,6.578603091,1110
75,2,6.762560681,5.959935444,7.56798502,6.48256477,7.036364372,1110
75,3,7.554047585,7.036523906,8.072013064,7.375324622,7.729304034,1110
76,1,6.226957643,5.235478722,7.220603057,5.881250989,6.566695721,1125
76,2,6.750320345,5.949147872,7.554286854,6.470831231,7.023628447,1125
76,3,7.540374646,7.023787693,8.057402599,7.361975174,7.715313878,1125
77,1,6.215686756,5.226002427,7.207533657,5.870605837,6.554809903,1140
77,2,6.738102164,5.938379825,7.540613482,6.45911893,7.010915574,1140
77,3,7.526726455,7.011074532,8.04281858,7.348649889,7.701349045,1140
78,1,6.20443627,5.216543285,7.194487914,5.859979953,6.542945599,1155
78,2,6.725906099,5.927631269,7.526964859,6.447427828,6.998225712,1155
78,3,7.513102968,6.998384382,8.028260959,7.335348723,7.687409488,1155
79,1,6.193206148,5.207101264,7.181465783,5.849373302,6.53110277,1170
79,2,6.713732108,5.916902168,7.51334094,6.435757888,6.985558819,1170
79,3,7.499504139,6.985717202,8.013729686,7.322071632,7.673495162,1170
80,1,6.181996352,5.197676332,7.168467223,5.838785849,6.519281376,1185
80,2,6.701580153,5.906192487,7.499741681,6.42410907,6.972914854,1185
80,3,7.485929925,6.973072949,7.999224716,7.308818573,7.659606021,1185
81,1,6.170806847,5.188268461,7.15549219,5.828217559,6.50748138,1200
81,2,6.689450192,5.89550219,7.486167037,6.412481336,6.960293773,1200
81,3,7.47238028,6.960451583,7.984745999,7.295589502,7.64574202,1200
82,1,6.159637594,5.178877617,7.142540642,5.817668398,6.495702741,1215
82,2,6.677342188,5.884831243,7.472616962,6.400874649,6.947695538,1215
82,3,7.45885516,6.947853062,7.97029349,7.282384376,7.631903112,1215
83,1,6.148488558,5.169503771,7.129612537,5.807138331,6.483945422,1230
83,2,6.665256098,5.87417961,7.459091414,6.38928897,6.935120105,1230
83,3,7.44535452,6.935277344,7.95586714,7.269203152,7.618089254,1230
84,1,6.137359702,5.160146892,7.116707831,5.796627324,6.472209384,1245
84,2,6.653191885,5.863547258,7.445590347,6.377724262,6.922567434,1245
84,3,7.431878317,6.922724388,7.941466901,7.256045785,7.604300398,1245
85,1,6.126250989,5.150806949,7.103826484,5.786135342,6.460494588,1260
85,2,6.641149509,5.852934149,7.432113717,6.366180486,6.910037483,1260
85,3,7.418426507,6.910194154,7.927092727,7.242912234,7.590536501,1260
86,1,6.115162383,5.141483912,7.090968452,5.775662351,6.448800997,1275
86,2,6.629128929,5.842340251,7.41866148,6.354657604,6.897530212,1275
86,3,7.404999044,6.897686599,7.912744571,7.229802455,7.576797517,1275
87,1,6.104093848,5.132177749,7.078133693,5.765208316,6.43712857,1290
87,2,6.617130106,5.831765528,7.405233592,6.343155579,6.88504558,1290
87,3,7.391595885,6.885201683,7.898422385,7.216716404,7.5630834,1290
88,1,6.093045347,5.122888431,7.065322165,5.754773202,6.425477272,1305
88,2,6.605153002,5.821209945,7.391830009,6.331674372,6.872583544,1305
88,3,7.378216986,6.872739365,7.884126123,7.20365404,7.549394106,1305
89,1,6.082016844,5.113615926,7.052533826,5.744356977,6.413847062,1320
89,2,6.593197576,5.810673468,7.378450686,6.320213947,6.860144065,1320
89,3,7.364862303,6.860299604,7.869855737,7.190615318,7.53572959,1320
90,1,6.071008302,5.104360205,7.039768635,5.733959605,6.402237903,1335
90,2,6.58126379,5.800156062,7.36509558,6.308774265,6.847727102,1335
90,3,7.351531792,6.847882359,7.85561118,7.177600197,7.522089806,1335
91,1,6.060019687,5.095121236,7.027026548,5.723581052,6.390649756,1350
91,2,6.569351604,5.789657693,7.351764647,6.29735529,6.835332614,1350
91,3,7.33822541,6.83548759,7.841392406,7.164608633,7.508474712,1350
92,1,6.04905096,5.085898991,7.014307525,5.713221285,6.379082585,1365
92,2,6.55746098,5.779178326,7.338457843,6.285956982,6.822960559,1365
92,3,7.324943112,6.823115255,7.827199369,7.151640585,7.49488426,1365
93,1,6.038102088,5.076693438,7.001611524,5.702880269,6.36753635,1380
93,2,6.545591877,5.768717927,7.325175125,6.274579306,6.810610899,1380
93,3,7.311684856,6.810765315,7.813032021,7.138696008,7.481318408,1380
94,1,6.027173033,5.067504547,6.988938502,5.692557971,6.356011014,1395
94,2,6.533744258,5.758276462,7.311916448,6.263222224,6.798283591,1395
94,3,7.298450597,6.798437728,7.798890316,7.125774862,7.467777109,1395
95,1,6.016263759,5.058332288,6.976288419,5.682254356,6.344506539,1410
95,2,6.521918084,5.747853895,7.29868177,6.251885698,6.785978596,1410
95,3,7.285240292,6.786132454,7.784774208,7.112877103,7.454260321,1410
96,1,6.005374232,5.049176631,6.963661233,5.67196939,6.333022887,1425
96,2,6.510113314,5.737450194,7.285471047,6.240569692,6.773695874,1425
96,3,7.272053898,6.773849453,7.770683651,7.100002689,7.440767999,1425
97,1,5.994504415,5.040037546,6.951056902,5.661703041,6.321560021,1440
97,2,6.498329912,5.727065323,7.272284236,6.229274167,6.761435383,1440
97,3,7.258891372,6.761588684,7.756618597,7.087151578,7.427300097,1440
98,1,5.983654272,5.030915002,6.938475385,5.651455274,6.310117903,1455
98,2,6.486567838,5.716699249,7.259121292,6.217999088,6.749197084,1455
98,3,7.24575267,6.749350107,7.742579002,7.074323728,7.413856573,1455
99,1,5.972823769,5.021808971,6.925916641,5.641226055,6.298696496,1470
99,2,6.474827053,5.706351938,7.245982174,6.206744417,6.736980936,1470
99,3,7.23263775,6.737133683,7.728564818,7.061519096,7.400437382,1470
100,1,5.962012869,5.012719422,6.913380629,5.631015352,6.287295761,1485
100,2,6.463107519,5.696023356,7.232866838,6.195510117,6.7247869,1485
100,3,7.219546567,6.72493937,7.714576,7.048737641,7.38704248,1485
101,1,5.951221536,5.003646325,6.900867306,5.62082313,6.275915662,1500
101,2,6.451409198,5.685713469,7.219775241,6.184296151,6.712614935,1500
101,3,7.20647908,6.71276713,7.700612502,7.035979321,7.373671823,1500
102,1,5.940449736,4.99458965,6.888376633,5.610649356,6.26455616,1515
102,2,6.439732051,5.675422242,7.20670734,6.173102482,6.700465002,1515
102,3,7.193435245,6.700616921,7.686674279,7.023244093,7.360325366,1515
103,1,5.929697433,4.985549368,6.875908569,5.600493997,6.25321722,1530
103,2,6.42807604,5.665149643,7.193663092,6.161929074,6.68833706,1530
103,3,7.18041502,6.688488704,7.672761283,7.010531916,7.347003067,1530
104,1,5.918964592,4.976525449,6.863463071,5.590357019,6.241898803,1545
104,2,6.416441126,5.654895638,7.180642455,6.150775891,6.67623107,1545
104,3,7.167418361,6.676382439,7.658873471,6.997842749,7.333704882,1545
105,1,5.908251178,4.967517864,6.851040101,5.580238389,6.230600873,1560
105,2,6.404827272,5.644660192,7.167645384,6.139642894,6.664146992,1560
105,3,7.154445227,6.664298087,7.645010795,6.985176549,7.320430767,1560
106,1,5.897557155,4.958526582,6.838639616,5.570138074,6.219323393,1575
106,2,6.393234439,5.634443273,7.154671839,6.128530049,6.652084787,1575
106,3,7.141495574,6.652235608,7.631173211,6.972533275,7.307180678,1575
107,1,5.886882489,4.949551575,6.826261576,5.560056041,6.208066324,1590
107,2,6.381662589,5.624244846,7.141721776,6.117437318,6.640044414,1590
107,3,7.128569361,6.640194962,7.617360674,6.959912885,7.293954571,1590
108,1,5.876227143,4.940592813,6.81390594,5.549992257,6.196829632,1605
108,2,6.370111684,5.614064879,7.128795153,6.106364665,6.628025834,1605
108,3,7.115666543,6.62817611,7.603573137,6.947315339,7.280752405,1605
109,1,5.865591084,4.931650266,6.801572669,5.539946688,6.185613277,1620
109,2,6.358581687,5.603903338,7.115891927,6.095312054,6.616029008,1620
109,3,7.102787081,6.616179013,7.589810556,6.934740594,7.267574134,1620
110,1,5.854974277,4.922723905,6.789261721,5.529919302,6.174417225,1635
110,2,6.347072559,5.593760189,7.103012057,6.084279448,6.604053897,1635
110,3,7.08993093,6.60420363,7.576072886,6.92218861,7.254419716,1635
111,1,5.844376686,4.913813701,6.776973055,5.519910065,6.163241437,1650
111,2,6.335584263,5.583635399,7.090155499,6.073266811,6.592100461,1650
111,3,7.077098049,6.592249922,7.562360081,6.909659345,7.241289108,1650
112,1,5.833798277,4.904919625,6.764706633,5.509918945,6.152085878,1665
112,2,6.324116761,5.573528936,7.077322211,6.062274108,6.58016866,1665
112,3,7.064288396,6.580317852,7.548672096,6.897152759,7.228182267,1665
113,1,5.823239015,4.896041647,6.752462413,5.49994591,6.140950511,1680
113,2,6.312670015,5.563440765,7.064512152,6.051301301,6.568258457,1680
113,3,7.051501928,6.568407378,7.535008887,6.884668809,7.215099149,1680
114,1,5.812698865,4.887179739,6.740240355,5.489990925,6.129835299,1695
114,2,6.301243988,5.553370854,7.05172528,6.040348355,6.556369811,1695
114,3,7.038738604,6.556518462,7.521370408,6.872207456,7.202039711,1695
115,1,5.802177793,4.87833387,6.728040419,5.48005396,6.118740205,1710
115,2,6.289838642,5.54331917,7.038961552,6.029415234,6.544502683,1710
115,3,7.025998382,6.544651066,7.507756615,6.859768658,7.189003912,1710
116,1,5.791675765,4.869504013,6.715862566,5.47013498,6.107665194,1725
116,2,6.27845394,5.533285679,7.026220926,6.018501903,6.532657036,1725
116,3,7.01328122,6.53280515,7.494167463,6.847352374,7.175991707,1725
117,1,5.781192745,4.860690138,6.703706754,5.460233954,6.096610229,1740
117,2,6.267089845,5.52327035,7.013503361,6.007608324,6.520832829,1740
117,3,7.000587076,6.520980675,7.480602908,6.834958564,7.163003055,1740
118,1,5.7707287,4.851892216,6.691572944,5.450350849,6.085575273,1755
118,2,6.255746318,5.513273148,7.000808815,5.996734463,6.509030024,1755
118,3,6.987915909,6.509177602,7.467062905,6.822587187,7.150037913,1755
119,1,5.760283595,4.843110219,6.679461097,5.440485633,6.074560291,1770
119,2,6.244423324,5.503294041,6.988137247,5.985880284,6.497248582,1770
119,3,6.975267677,6.497395894,7.45354741,6.810238202,7.137096237,1770
120,1,5.749857395,4.834344117,6.667371173,5.430638272,6.063565246,1785
120,2,6.233120824,5.493332997,6.975488614,5.975045752,6.485488465,1785
120,3,6.962642338,6.48563551,7.440056378,6.797911569,7.124177986,1785
121,1,5.739450067,4.825593882,6.655303132,5.420808736,6.052590102,1800
121,2,6.221838783,5.483389982,6.962862875,5.964230829,6.473749634,1800
121,3,6.950039852,6.473896413,7.426589764,6.785607247,7.111283118,1800
122,1,5.729061577,4.816859485,6.643256933,5.410996991,6.041634824,1815
122,2,6.210577161,5.473464964,6.950259989,5.953435483,6.462032051,1815
122,3,6.937460176,6.462178564,7.413147526,6.773325197,7.098411589,1815
123,1,5.71869189,4.808140897,6.631232539,5.401203006,6.030699375,1830
123,2,6.199335924,5.463557911,6.937679915,5.942659675,6.450335676,1830
123,3,6.924903269,6.450481924,7.399729618,6.761065377,7.085563358,1830
124,1,5.708340972,4.79943809,6.619229909,5.391426748,6.019783719,1845
124,2,6.188115033,5.453668789,6.925122611,5.931903373,6.438660472,1845
124,3,6.912369091,6.438806455,7.386335997,6.748827748,7.072738382,1845
125,1,5.69800879,4.790751036,6.607249004,5.381668185,6.00888782,1860
125,2,6.176914453,5.443797567,6.912588035,5.921166539,6.427006401,1860
125,3,6.899857599,6.427152119,7.372966618,6.736612269,7.05993662,1860
126,1,5.687695309,4.782079705,6.595289785,5.371927285,5.998011643,1875
126,2,6.165734145,5.433944212,6.900076148,5.910449139,6.415373423,1875
126,3,6.887368754,6.415518878,7.359621439,6.7244189,7.047158029,1875
127,1,5.677400495,4.773424069,6.583352212,5.362204016,5.987155153,1890
127,2,6.154574074,5.424108692,6.887586907,5.899751138,6.403761501,1890
127,3,6.874902513,6.403906693,7.346300414,6.712247601,7.034402568,1890
128,1,5.667124315,4.7647841,6.571436246,5.352498347,5.976318312,1905
128,2,6.143434203,5.414290974,6.875120271,5.8890725,6.392170597,1905
128,3,6.862458837,6.392315526,7.3330035,6.700098332,7.021670194,1905
129,1,5.656866736,4.75615977,6.559541848,5.342810245,5.965501087,1920
129,2,6.132314495,5.404491027,6.862676201,5.878413191,6.380600673,1920
129,3,6.850037684,6.380745339,7.319730654,6.687971054,7.008960866,1920
130,1,5.646627722,4.74755105,6.547668979,5.333139678,5.954703441,1935
130,2,6.121214915,5.394708817,6.850254654,5.867773175,6.36905169,1935
130,3,6.837639014,6.369196095,7.306481833,6.675865727,6.996274542,1935
131,1,5.636407242,4.738957911,6.5358176,5.323486616,5.943925339,1950
131,2,6.110135424,5.384944313,6.837855591,5.857152418,6.357523612,1950
131,3,6.825262785,6.357667755,7.293256991,6.66378231,6.983611181,1950
132,1,5.626205261,4.730380327,6.523987673,5.313851025,5.933166745,1965
132,2,6.099075988,5.375197484,6.82547897,5.846550884,6.346016399,1965
132,3,6.812908957,6.346160281,7.280056087,6.651720765,6.97097074,1965
133,1,5.616021745,4.721818267,6.512179158,5.304232876,5.922427624,1980
133,2,6.088036569,5.365468296,6.813124751,5.83596854,6.334530014,1980
133,3,6.80057749,6.334673636,7.266879077,6.639681051,6.958353179,1980
134,1,5.605856662,4.713271706,6.500392016,5.294632135,5.911707942,1995
134,2,6.077017132,5.355756718,6.800792894,5.82540535,6.32306442,1995
134,3,6.788268343,6.323207782,7.253725917,6.627663129,6.945758456,1995
135,1,5.595709977,4.704740614,6.488626209,5.285048772,5.901007662,2010
135,2,6.06601764,5.346062719,6.788483357,5.814861279,6.311619579,2010
135,3,6.775981476,6.311762682,7.240596565,6.615666959,6.933186529,2010
136,1,5.585581659,4.696224963,6.476881699,5.275482754,5.89032675,2025
136,2,6.055038057,5.336386265,6.776196101,5.804336293,6.300195453,2025
136,3,6.763716848,6.300338297,7.227490977,6.603692503,6.920637358,2025
137,1,5.575471672,4.687724725,6.465158446,5.265934052,5.879665171,2040
137,2,6.044078348,5.326727326,6.763931085,5.793830358,6.288792006,2040
137,3,6.75147442,6.28893459,7.21440911,6.591739721,6.908110901,2040
138,1,5.565379985,4.679239874,6.453456413,5.256402632,5.869022889,2055
138,2,6.033138476,5.31708587,6.751688268,5.783343438,6.277409198,2055
138,3,6.73925415,6.277551525,7.201350922,6.579808574,6.895607117,2055
139,1,5.555306564,4.67077038,6.44177556,5.246888465,5.85839987,2070
139,2,6.022218405,5.307461865,6.739467612,5.7728755,6.266046994,2070
139,3,6.727055999,6.266189063,7.188316369,6.567899022,6.883125965,2070
140,1,5.545251377,4.662316215,6.43011585,5.237391519,5.847796078,2085
140,2,6.0113181,5.29785528,6.727269074,5.762426509,6.254705355,2085
140,3,6.714879928,6.254847167,7.175305409,6.556011027,6.870667404,2085
141,1,5.535214389,4.653877353,6.418477245,5.227911762,5.83721148,2100
141,2,6.000437524,5.288266083,6.715092617,5.751996431,6.243384245,2100
141,3,6.702725895,6.2435258,7.162317999,6.544144549,6.858231394,2100
142,1,5.525195568,4.645453766,6.406859705,5.218449163,5.82664604,2115
142,2,5.989576643,5.278694242,6.702938199,5.741585232,6.232083626,2115
142,3,6.690593861,6.232224925,7.149354096,6.532299549,6.845817892,2115
143,1,5.515194881,4.637045425,6.395263193,5.209003692,5.816099724,2130
143,2,5.978735419,5.269139727,6.690805781,5.731192877,6.220803461,2130
143,3,6.678483786,6.220944505,7.136413659,6.520475989,6.83342686,2130
144,1,5.505212296,4.628652304,6.383687671,5.199575318,5.805572496,2145
144,2,5.967913819,5.259602505,6.678695322,5.720819332,6.209543714,2145
144,3,6.66639563,6.209684502,7.123496643,6.50867383,6.821058255,2145
145,1,5.49524778,4.620274374,6.372133101,5.190164009,5.795064323,2160
145,2,5.957111806,5.250082546,6.666606784,5.710464563,6.198304347,2160
145,3,6.654329355,6.198444881,7.110603008,6.496893033,6.808712037,2160
146,1,4.299926427,2.240285438,7.211645174,3.379407134,6.069037163,179
146,2,3.510668346,2.048500683,4.969890118,3.022174198,4.019655287,179
146,3,3.510668346,2.048500683,4.969890118,3.022174198,4.019655287,179
147,1,6.243424339,5.037550127,7.452600863,5.823246784,6.6568112,239
147,2,3.471847833,1.806655506,7.63193532,2.714873535,6.734832903,239
147,3,2.802534346,1.635299309,3.967417705,2.412573947,3.208853953,239
148,1,6.153589463,4.965066236,7.345367486,5.739457725,6.561028218,359
148,2,6.781292996,5.820314798,7.745177602,6.445918933,7.110243864,359
148,3,2.183838351,1.139106809,8.186347229,1.716883066,7.616082527,359
149,1,6.326265332,5.021622992,7.59569909,5.876817747,6.777298232,539
149,2,6.921145083,5.824225628,7.947756715,6.53664191,7.30866328,539
149,3,7.805204007,7.051393443,8.551671104,7.520332351,8.091121334,539
