time,group,mean,P2_5,P97_5,P25,P75,day,MCV2
1,1,6.875048006,4.011640847,9.732686139,5.918415142,7.871812527,0,1
1,2,6.875048006,4.011640847,9.732686139,5.918415142,7.871812527,0,1
1,3,6.875048006,4.011640847,9.732686139,5.918415142,7.871812527,0,1
2,1,6.498543346,3.791947621,9.19968598,5.594299459,7.440721124,15,1
2,2,6.498543346,3.791947621,9.19968598,5.594299459,7.440721124,15,1
2,3,6.498543346,3.791947621,9.19968598,5.594299459,7.440721124,15,1
3,1,6.142657562,3.584285661,8.695875005,5.287933625,7.03323798,30,1
3,2,6.142657562,3.584285661,8.695875005,5.287933625,7.03323798,30,1
3,3,6.142657562,3.584285661,8.695875005,5.287933625,7.03323798,30,1
4,1,5.806261483,3.387996086,8.2196547,4.998345589,6.648070215,45,1
4,2,5.806261483,3.387996086,8.2196547,4.998345589,6.648070215,45,1
4,3,5.806261483,3.387996086,8.2196547,4.998345589,6.648070215,45,1
5,1,5.488287775,3.202456099,7.769514091,4.724616533,6.283995752,60,1
5,2,5.488287775,3.202456099,7.769514091,4.724616533,6.283995752,60,1
5,3,5.488287775,3.202456099,7.769514091,4.724616533,6.283995752,60,1
6,1,5.187727558,3.027077012,7.344024952,4.465877955,5.939859437,75,1
6,2,5.187727558,3.027077012,7.344024952,4.465877955,5.939859437,75,1
6,3,5.187727558,3.027077012,7.344024952,4.465877955,5.939859437,75,1
7,1,4.9036272,2.861302373,6.94183727,4.22130892,5.614569381,90,1
7,2,4.9036272,2.861302373,6.94183727,4.22130892,5.614569381,90,1
7,3,4.9036272,2.861302373,6.94183727,4.22130892,5.614569381,90,1
8,1,4.635085295,2.704606205,6.561674968,3.990133446,5.307093486,105,1
8,2,4.635085295,2.704606205,6.561674968,3.990133446,5.307093486,105,1
8,3,4.635085295,2.704606205,6.561674968,3.990133446,5.307093486,105,1
9,1,4.3812498,2.556491336,6.202331848,3.771618051,5.016456181,120,1
9,2,4.3812498,2.556491336,6.202331848,3.771618051,5.016456181,120,1
9,3,4.3812498,2.556491336,6.202331848,3.771618051,5.016456181,120,1
10,1,4.141315335,2.416487819,5.86266777,3.565069417,4.741735317,135,1
10,2,4.141315335,2.416487819,5.86266777,3.565069417,4.741735317,135,1
10,3,4.141315335,2.416487819,5.86266777,3.565069417,4.741735317,135,1
11,1,3.914520625,2.284151445,5.541605032,3.369832199,4.482059248,150,1
11,2,3.914520625,2.284151445,5.541605032,3.369832199,4.482059248,150,1
11,3,3.914520625,2.284151445,5.541605032,3.369832199,4.482059248,150,1
12,1,3.700279047,2.159062331,5.240416166,3.185286939,4.237792735,165,1
12,2,3.700146085,2.159062331,5.238124953,3.185286939,4.236604061,165,1
12,3,3.700146085,2.159062331,5.238124953,3.185286939,4.236604061,165,1
13,1,4.943446703,2.283964694,7.265342065,3.492060639,6.235422403,180,1
13,2,3.497511537,2.040823589,4.951264635,3.010848102,4.004590966,180,1
13,3,3.497511537,2.040823589,4.951264635,3.010848102,4.004590966,180,1
14,1,6.276258175,5.058659673,7.492310804,5.853258963,6.692162591,195,1
14,2,3.305974054,1.929060065,4.680113917,2.845962222,3.785283819,195,1
14,3,3.305974054,1.929060065,4.680113917,2.845962222,3.785283819,195,1
15,1,6.26533048,5.055225249,7.47874961,5.843678659,6.680167781,210,1
15,2,3.124925917,1.823417151,4.423812478,2.690106141,3.577986795,210,1
15,3,3.124925917,1.823417151,4.423812478,2.690106141,3.577986795,210,1
16,1,6.253990138,5.046075215,7.465212961,5.833101513,6.668076578,225,1
16,2,2.95407955,1.723559659,4.191008559,2.543263073,3.38358383,225,1
16,3,2.953792687,1.723559659,4.181547113,2.542785352,3.38204217,225,1
17,1,6.242670322,5.036941744,7.451700814,5.822543512,6.656007259,240,1
17,2,5.797547325,1.848899953,7.686805453,2.799583745,6.852044649,240,1
17,3,2.792031386,1.629170755,3.952549153,2.403532429,3.196828243,240,1
18,1,6.231370996,5.027824804,7.438213124,5.812004621,6.643959787,255,1
18,2,6.866710189,5.887730962,7.84307685,6.526364006,7.199999696,255,1
18,3,2.63912877,1.539950959,3.736092021,2.271905543,3.02175736,255,1
19,1,6.220092121,5.018724366,7.424749847,5.801484806,6.63193412,270,1
19,2,6.854579329,5.883215713,7.828880764,6.515580834,7.187085213,270,1
19,3,2.494599702,1.45561719,3.531488932,2.147487063,2.856274046,270,1
20,1,6.208833661,5.0096404,7.411310939,5.790984032,6.61993022,285,1
20,2,6.842172438,5.872567004,7.814710373,6.503787536,7.174076482,285,1
20,3,2.357985614,1.37590187,3.338090713,2.029882228,2.699853249,285,1
21,1,6.19759558,5.000572876,7.397896356,5.780502264,6.607948048,300,1
21,2,6.829788003,5.86193757,7.80056563,6.492015583,7.161091296,300,1
21,3,2.228853051,1.300552074,3.155283741,1.918717896,2.55199867,300,1
22,1,6.186377839,4.991521764,7.384506053,5.770039469,6.595987563,315,1
22,2,6.817425985,5.851327376,7.78644649,6.480264938,7.148129614,315,1
22,3,2.106792295,1.229328729,2.982487998,1.81364136,2.412241189,315,1
23,1,6.175180403,4.982487035,7.371139986,5.759595611,6.584048727,330,1
23,2,6.805086342,5.840736386,7.772352905,6.468535561,7.135191392,330,1
23,3,1.991416065,1.162005854,2.819155229,1.714319229,2.280137377,330,1
24,1,6.164003234,4.973468659,7.357798113,5.749170657,6.5721315,345,1
24,2,6.792769034,5.830164566,7.75828483,6.456827415,7.122276589,345,1
24,3,1.882460933,1.098369845,2.672175486,1.620618568,2.156783622,345,1
25,1,6.152846296,4.964466607,7.344480388,5.738764572,6.560235844,360,1
25,2,6.780474021,5.819611881,7.744242219,6.445140461,7.109385162,360,1
25,3,2.829411051,1.158333623,8.226549198,1.775610807,7.701634027,360,1
26,1,6.141709552,4.955480848,7.331186769,5.728377323,6.548361719,375,1
26,2,6.768201261,5.809078296,7.730225025,6.433474661,7.096517069,375,1
26,3,7.714657808,7.092928169,8.33463251,7.500696313,7.92378306,375,1
27,1,6.130592966,4.946511353,7.317917211,5.718008874,6.536509087,390,1
27,2,6.755950716,5.798563778,7.716233202,6.421829975,7.083672267,390,1
27,3,7.701252418,7.083177542,8.319546701,7.487440176,7.909719698,390,1
28,1,6.119496501,4.937558094,7.304671672,5.707659192,6.524677908,405,1
28,2,6.743722344,5.788068291,7.702266705,6.410206367,7.070850714,405,1
28,3,7.687313036,7.070356885,8.304488197,7.473887797,7.895402987,405,1
29,1,6.109337505,4.92862104,7.295723035,5.69749466,6.513530823,420,1
29,2,6.732336225,5.777591801,7.691899403,6.398786393,7.058487267,420,1
29,3,7.673668509,7.059161483,8.290760136,7.461061109,7.882439978,420,1
30,1,6.134431056,4.937186616,7.371080144,5.715953151,6.553034434,435,1
30,2,6.753752528,5.785824264,7.750888128,6.415802844,7.090817178,435,1
30,3,7.683351522,7.053983597,8.384214295,7.463577656,7.906264203,435,1
31,1,6.416653237,5.089852008,7.694169776,5.960118787,6.862110697,450,1
31,2,7.01694547,5.893173385,8.030316091,6.629150371,7.401119685,450,1
31,3,7.912282581,7.138606231,8.64315411,7.622434933,8.189051718,450,1
32,1,6.692590858,5.543025456,7.793351805,6.302473783,7.071224315,465,1
32,2,7.271437311,6.276010682,8.158909256,6.952543792,7.573818046,465,1
32,3,8.130415482,7.449654387,8.707304225,7.922583887,8.327871439,465,1
33,1,6.718370079,5.643520411,7.792729001,6.343750465,7.0849153,480,1
33,2,7.283017136,6.417762532,8.153450499,6.981062461,7.579549826,480,1
33,3,8.138196343,7.577182746,8.697308612,7.944556042,8.327103929,480,1
34,1,6.706444562,5.636579156,7.778624045,6.333394882,7.073025751,495,1
34,2,7.27116524,6.406643958,8.138692632,6.969576548,7.566081029,495,1
34,3,8.123696996,7.566271009,8.681566353,7.931183091,8.312447022,495,1
35,1,6.694305797,5.626376863,7.76454462,6.321931343,7.060223468,510,1
35,2,7.258004322,6.395047836,8.123961476,6.95696151,7.55238631,510,1
35,3,8.108992983,7.552575945,8.665852589,7.916827531,8.297401369,510,1
36,1,6.682189004,5.616193037,7.750490678,6.310488553,7.047444358,525,1
36,2,7.244867226,6.383472704,8.109256985,6.944369306,7.538716378,525,1
36,3,8.094315585,7.53890567,8.650167266,7.902497955,8.282382949,525,1
37,1,6.670094142,5.606027644,7.736462174,6.299066474,7.034688379,540,1
37,2,7.231753908,6.371918523,8.094579108,6.931799894,7.525071188,540,1
37,3,8.079664752,7.525260138,8.634510334,7.888194316,8.267391712,540,1
38,1,6.658021172,5.59588065,7.722459062,6.28766507,7.021955488,555,1
38,2,7.218664325,6.360385256,8.079927799,6.919253232,7.511450697,555,1
38,3,8.065040438,7.511639305,8.618881741,7.873916566,8.252427609,555,1
39,1,6.645970054,5.585752023,7.708481296,6.276284302,7.009245643,570,1
39,2,7.205598435,6.348872863,8.065303009,6.906729281,7.497854859,570,1
39,3,8.050442595,7.498043125,8.603281436,7.85966466,8.237490592,570,1
40,1,6.633940749,5.575641728,7.694528829,6.264924133,6.996558804,585,1
40,2,7.192556194,6.337381308,8.05070469,6.894227997,7.48428363,585,1
40,3,8.035871173,7.484471555,8.587709368,7.845438549,8.222580611,585,1
41,1,6.621933217,5.565549733,7.680601617,6.253584527,6.983894928,600,1
41,2,7.17953756,6.325910554,8.036132794,6.881749342,7.470736964,600,1
41,3,8.021326126,7.47092455,8.572165486,7.831238188,8.207697617,600,1
42,1,6.609947419,5.555476005,7.666699613,6.242265446,6.971253974,615,1
42,2,7.16654249,6.314460561,8.021587274,6.869293273,7.457214819,615,1
42,3,8.006807406,7.457402065,8.556649738,7.81706353,8.192841562,615,1
43,1,6.597983315,5.54542051,7.652822772,6.230966852,6.9586359,630,1
43,2,7.153570941,6.303031293,8.007068081,6.856859749,7.443717149,630,1
43,3,7.992314965,7.443904056,8.541162075,7.802914528,8.178012396,630,1
44,1,6.586040867,5.535383216,7.638971049,6.219688709,6.946040665,645,1
44,2,7.140622871,6.291622712,7.992575168,6.84444873,7.430243909,645,1
44,3,7.977848756,7.430430478,8.525702444,7.788791136,8.163210071,645,1
45,1,6.574120035,5.52536409,7.625144397,6.208430979,6.933468227,660,1
45,2,7.127698236,6.280234781,7.978108488,6.832060176,7.416795057,660,1
45,3,7.96340873,7.416981288,8.510270795,7.774693308,8.148434539,660,1
46,1,6.562220779,5.515363098,7.611342772,6.197193626,6.920918546,675,1
46,2,7.114796996,6.268867462,7.963667992,6.819694045,7.403370547,675,1
46,3,7.948994841,7.403556441,8.494867077,7.760620997,8.133685751,675,1
47,1,6.550343061,5.505380209,7.597566128,6.185976613,6.90839158,690,1
47,2,7.101919107,6.257520718,7.949253634,6.807350297,7.389970336,690,1
47,3,7.934607042,7.390155893,8.479491241,7.746574157,8.118963658,690,1
48,1,6.538486843,5.495415388,7.583814419,6.174779903,6.895887288,705,1
48,2,7.089064527,6.246194512,7.934865366,6.795028891,7.376594379,705,1
48,3,7.920245285,7.376779601,8.464143235,7.732552742,8.104268213,705,1
49,1,6.526652084,5.485468604,7.570087602,6.163603459,6.883405629,720,1
49,2,7.076233215,6.234888807,7.920503141,6.782729787,7.363242633,720,1
49,3,7.905909522,7.363427519,8.448823009,7.718556706,8.089599366,720,1
50,1,6.514838746,5.475539824,7.55638563,6.152447245,6.870946562,735,1
50,2,7.063425127,6.223603565,7.906166912,6.770452945,7.349915054,735,1
50,3,7.891599708,7.350099605,8.433530514,7.704586003,8.07495707,735,1
51,1,6.50304679,5.465629015,7.542708459,6.141311224,6.858510046,750,1
51,2,7.050640222,6.21233875,7.891856632,6.758198324,7.336611597,750,1
51,3,7.877315795,7.336795815,8.418265697,7.690640587,8.060341277,750,1
52,1,6.491276179,5.455736145,7.529056044,6.130195358,6.846096041,765,1
52,2,7.037878458,6.201094324,7.877572254,6.745965884,7.323332221,765,1
52,3,7.863057735,7.323516105,8.403028511,7.676720413,8.045751939,765,1
53,1,6.479526872,5.445861181,7.51542834,6.119099613,6.833704504,780,1
53,2,7.025139793,6.18987025,7.86331373,6.733755585,7.31007688,780,1
53,3,7.848825483,7.310260432,8.387818903,7.662825434,8.031189008,780,1
54,1,6.467798831,5.436004091,7.501825303,6.108023951,6.821335397,795,1
54,2,7.012424185,6.178666493,7.849081015,6.721567387,7.296845532,795,1
54,3,7.834618992,7.297028751,8.372636826,7.648955606,8.016652436,795,1
55,1,6.456092019,5.426164842,7.488246887,6.096968337,6.808988678,810,1
55,2,6.999731592,6.167483014,7.834874061,6.709401249,7.283638132,810,1
55,3,7.820438214,7.28382102,8.357482228,7.635110882,8.002142175,810,1
56,1,6.444406396,5.416343403,7.474693048,6.085932733,6.796664307,825,1
56,2,6.987061973,6.156319778,7.820692822,6.697257133,7.270454638,825,1
56,3,7.806283104,7.270637195,8.34235506,7.621291217,7.987658178,825,1
57,1,6.432741924,5.40653974,7.461163742,6.074917104,6.784362243,840,1
57,2,6.974415287,6.145176747,7.806537251,6.685134997,7.257295007,840,1
57,3,7.792153615,7.257477233,8.327255273,7.607496566,7.973200397,840,1
58,1,6.421098565,5.396753823,7.447658924,6.063921413,6.772082446,855,1
58,2,6.961791491,6.134053885,7.792407302,6.673034803,7.244159194,855,1
58,3,7.778049701,7.244341091,8.312182817,7.593726883,7.958768786,855,1
59,1,6.40947628,5.386985618,7.43417855,6.052945625,6.759824876,870,1
59,2,6.949190544,6.122951156,7.778302928,6.66095651,7.231047158,870,1
59,3,7.763971315,7.231228725,8.297137641,7.579982124,7.944363295,870,1
60,1,6.397875033,5.377235093,7.420722576,6.041989703,6.747589491,885,1
60,2,6.936612405,6.111868523,7.764224084,6.64890008,7.217958855,885,1
60,3,7.74991841,7.218140093,8.282119698,7.566262243,7.929983879,885,1
61,1,6.386294783,5.367502217,7.407290957,6.031053611,6.735376254,900,1
61,2,6.924057033,6.100805949,7.750170722,6.636865471,7.204894241,900,1
61,3,7.735890942,7.205075152,8.267128938,7.552567196,7.91563049,900,1
62,1,6.374735494,5.357786958,7.39388365,6.020137314,6.723185122,915,1
62,2,6.911524387,6.089763399,7.736142797,6.624852645,7.191853275,915,1
62,3,7.721888864,7.192033858,8.252165311,7.538896936,7.90130308,915,1
63,1,6.363197128,5.348089284,7.38050061,6.009240775,6.711016056,930,1
63,2,6.899014424,6.078740837,7.722140263,6.612861563,7.178835913,930,1
63,3,7.70791213,7.179016169,8.237228768,7.52525142,7.887001603,930,1
64,1,6.351679646,5.338409162,7.367141794,5.99836396,6.698869017,945,1
64,2,6.886527105,6.067738225,7.708163074,6.600892185,7.165842113,945,1
64,3,7.693960694,7.166022043,8.222319261,7.511630602,7.872726013,945,1
65,1,6.340183011,5.328746562,7.353807157,5.987506831,6.686743964,960,1
65,2,6.874062388,6.056755528,7.694211183,6.588944471,7.152871831,960,1
65,3,7.68003451,7.153051436,8.207436741,7.498034439,7.858476261,960,1
66,1,6.328707185,5.319101451,7.340496656,5.976669355,6.674640858,975,1
66,2,6.861620232,6.04579271,7.680284546,6.577018383,7.139925027,975,1
66,3,7.666133533,7.140104306,8.192581157,7.484462884,7.844252301,975,1
67,1,6.31725213,5.309473798,7.327210247,5.965851494,6.662559658,990,1
67,2,6.849200597,6.034849735,7.666383116,6.565113882,7.127001656,990,1
67,3,7.652257716,7.12718061,8.177752463,7.470915895,7.830054088,990,1
68,1,6.305817809,5.299863571,7.313947887,5.955053213,6.650500325,1005,1
68,2,6.836803442,6.023926567,7.652506848,6.553230928,7.114101676,1005,1
68,3,7.638407016,7.114280307,8.162950609,7.457393425,7.815881573,1005,1
69,1,6.294404185,5.290270739,7.300709532,5.944274478,6.63846282,1020,1
69,2,6.824428725,6.01302317,7.638655697,6.541369482,7.101225046,1020,1
69,3,7.624581385,7.101403353,8.148175546,7.443895432,7.80173471,1020,1
70,1,6.283011219,5.280695269,7.287495139,5.933515252,6.626447103,1035,1
70,2,6.812076407,6.002139508,7.624829616,6.529529505,7.088371722,1035,1
70,3,7.610780779,7.088549707,8.133427227,7.43042187,7.787613454,1035,1
71,1,6.271638875,5.271137132,7.274304664,5.922775501,6.614453135,1050,1
71,2,6.799746447,5.991275546,7.61102856,6.517710959,7.075541664,1050,1
71,3,7.597005152,7.075719326,8.118705602,7.416972695,7.773517757,1050,1
72,1,6.260287115,5.261596295,7.261138064,5.912055189,6.602480876,1065,1
72,2,6.787438805,5.980431247,7.597252485,6.505913805,7.062734827,1065,1
72,3,7.583254459,7.062912168,8.104010624,7.403547864,7.759447574,1065,1
73,1,6.248955902,5.252072727,7.247995295,5.901354281,6.590530287,1080,1
73,2,6.775153439,5.969606577,7.583501344,6.494138004,7.049951172,1080,1
73,3,7.569528655,7.050128192,8.089342243,7.390147332,7.745402858,1080,1
74,1,6.237645198,5.242566397,7.234876316,5.890672741,6.578601329,1095,1
74,2,6.76289031,5.9588015,7.569775093,6.482383517,7.037190655,1095,1
74,3,7.555827695,7.037367354,8.074700413,7.376771054,7.731383563,1095,1
75,1,6.226354967,5.233077274,7.221781081,5.880010536,6.566693962,1110,1
75,2,6.750649377,5.948015981,7.556073687,6.470650306,7.024453235,1110,1
75,3,7.542151534,7.024629614,8.060085084,7.363418989,7.717389643,1110,1
76,1,6.215085172,5.223605325,7.20870955,5.869367629,6.554808148,1125,1
76,2,6.738430601,5.937249983,7.542397081,6.458938332,7.011738869,1125,1
76,3,7.528500127,7.01191493,8.04549621,7.35009109,7.703421052,1125,1
77,1,6.203835775,5.214150522,7.195661678,5.858743986,6.542943847,1140,1
77,2,6.726233941,5.926503472,7.52874523,6.447247557,6.999047517,1140,1
77,3,7.514873429,6.999223259,8.030933742,7.336787315,7.689477745,1140,1
78,1,6.192606739,5.204712831,7.182637422,5.848139571,6.531101021,1155,1
78,2,6.714059357,5.915776412,7.515118088,6.435577943,6.986379137,1155,1
78,3,7.501271396,6.98655456,8.016397632,7.323507621,7.675559676,1155,1
79,1,6.181398028,5.195292223,7.169636741,5.837554351,6.519279631,1170,1
79,2,6.701906809,5.905068768,7.501515612,6.423929451,6.973733686,1170,1
79,3,7.487693983,6.973908792,8.001887832,7.310251963,7.661666798,1170,1
80,1,6.170209606,5.185888667,7.156659592,5.826988291,6.507479637,1185,1
80,2,6.689776258,5.894380505,7.487937757,6.412302042,6.961111124,1185,1
80,3,7.474141145,6.961285913,7.987404296,7.297020297,7.647799066,1185,1
81,1,6.159041434,5.176502131,7.143705931,5.816441355,6.495701002,1200,1
81,2,6.677667663,5.883711588,7.474384478,6.40069568,6.948511409,1200,1
81,3,7.460612837,6.948685881,7.972946974,7.283812582,7.633956436,1200,1
82,1,6.147893477,5.167132585,7.130775716,5.805913509,6.483943686,1215,1
82,2,6.665580985,5.873061983,7.46085573,6.389110325,6.935934499,1215,1
82,3,7.447109017,6.936108656,7.958515821,7.270628772,7.620138861,1215,1
83,1,6.136765698,5.157779997,7.117868906,5.795404719,6.472207651,1230,1
83,2,6.653516183,5.862431653,7.44735147,6.37754594,6.923380354,1230,1
83,3,7.433629638,6.923554196,7.944110789,7.257468825,7.606346295,1230,1
84,1,6.12565806,5.148444339,7.104985457,5.78491495,6.460492858,1245,1
84,2,6.64147322,5.851820564,7.433871652,6.366002486,6.910848932,1245,1
84,3,7.420174657,6.911022459,7.929731829,7.244332698,7.592578695,1245,1
85,1,6.114570528,5.139125577,7.092125327,5.774444167,6.44879927,1260,1
85,2,6.629452054,5.841228681,7.420416233,6.354479927,6.898340192,1260,1
85,3,7.40674403,6.898513405,7.915378896,7.231220348,7.578836014,1260,1
86,1,6.103503064,5.129823683,7.079288474,5.763992337,6.437126847,1275,1
86,2,6.617452647,5.83065597,7.406985169,6.342978223,6.885854093,1275,1
86,3,7.393337713,6.886026993,7.901051942,7.218131731,7.565118208,1275,1
87,1,6.092455632,5.120538626,7.066474856,5.753559425,6.425475551,1290,1
87,2,6.605474958,5.820102395,7.393578415,6.331497338,6.873390595,1290,1
87,3,7.379955661,6.873563181,7.88675092,7.205066805,7.551425231,1290,1
88,1,6.081428196,5.111270374,7.053684431,5.743145396,6.413845344,1305,1
88,2,6.59351895,5.809567923,7.380195928,6.320037233,6.860949655,1305,1
88,3,7.366597831,6.861121929,7.872475783,7.192025526,7.537757038,1305,1
89,1,6.07042072,5.102018899,7.040917157,5.732750217,6.402236188,1320,1
89,2,6.581584582,5.799052518,7.366837663,6.308597871,6.848531234,1320,1
89,3,7.353264179,6.848703196,7.858226484,7.179007852,7.524113585,1320,1
90,1,6.059433168,5.092784168,7.028172992,5.722373854,6.390648045,1335,1
90,2,6.569671816,5.788556147,7.353503577,6.297179215,6.83613529,1335,1
90,3,7.339954661,6.836306941,7.844002977,7.166013741,7.510494827,1335,1
91,1,6.048465503,5.083566153,7.015451893,5.712016271,6.379080876,1350,1
91,2,6.557780612,5.778078773,7.340193625,6.285781226,6.823761783,1350,1
91,3,7.326669233,6.823933123,7.829805214,7.153043149,7.496900719,1350,1
92,1,6.03751769,5.074364822,7.002753821,5.701677437,6.367534645,1365,1
92,2,6.545910931,5.767620365,7.326907765,6.274403868,6.811410672,1365,1
92,3,7.313407853,6.811581702,7.81563315,7.140096034,7.483331217,1365,1
93,1,6.026589693,5.065180146,6.990078732,5.691357315,6.356009312,1380,1
93,2,6.534062734,5.757180885,7.313645953,6.263047103,6.799081917,1380,1
93,3,7.300170475,6.799252637,7.801486737,7.127172353,7.469786276,1380,1
94,1,6.015681476,5.056012094,6.977426585,5.681055874,6.34450484,1395,1
94,2,6.522235983,5.746760302,7.300408144,6.251710895,6.786775477,1395,1
94,3,7.286957057,6.786945889,7.78736593,7.114272065,7.456265851,1395,1
95,1,6.004793002,5.046860637,6.964797338,5.670773077,6.333021192,1410,1
95,2,6.510430638,5.73635858,7.287194296,6.240395204,6.774491312,1410,1
95,3,7.273767556,6.774661415,7.773270681,7.101395126,7.442769898,1410,1
96,1,5.993924237,5.037725743,6.952190951,5.660508893,6.321558329,1425,1
96,2,6.498646662,5.725975685,7.274004366,6.229099996,6.762229381,1425,1
96,3,7.260601928,6.762399177,7.759200945,7.088541495,7.429298374,1425,1
97,1,5.983075145,5.028607385,6.939607381,5.650263288,6.310116213,1440,1
97,2,6.486884014,5.715611584,7.260838309,6.217825232,6.749989645,1440,1
97,3,7.24746013,6.750159133,7.745156675,7.075711129,7.415851232,1440,1
98,1,5.97224569,5.01950553,6.927046588,5.640036227,6.298694809,1455,1
98,2,6.475142657,5.705266241,7.247696083,6.206570875,6.737772063,1455,1
98,3,7.234342119,6.737941244,7.731137826,7.062903986,7.402428431,1455,1
99,1,5.961435836,5.01042015,6.914508531,5.629827677,6.287294077,1470,1
99,2,6.463422552,5.694939624,7.234577645,6.195336889,6.725576595,1470,1
99,3,7.221247852,6.72574547,7.717144351,7.050120024,7.389029925,1470,1
100,1,5.950645548,5.001351215,6.901993167,5.619637605,6.275913981,1485,1
100,2,6.451723661,5.684631698,7.221482951,6.184123237,6.713403201,1485,1
100,3,7.208177285,6.71357177,7.703176204,7.037359201,7.37565567,1485,1
101,1,5.93987479,4.992298694,6.889500456,5.609465977,6.264554483,1500,1
101,2,6.440045944,5.67434243,7.208411959,6.172929881,6.701251841,1500,1
101,3,7.195130377,6.701420105,7.68923334,7.024621476,7.362305623,1500,1
102,1,5.929123528,4.983262559,6.877030357,5.599312759,6.253215546,1515,1
102,2,6.428389365,5.664071785,7.195364626,6.161756786,6.689122475,1515,1
102,3,7.182107083,6.689290434,7.675315713,7.011906806,7.34897974,1515,1
103,1,5.918391726,4.974242779,6.86458283,5.58917792,6.241897132,1530,1
103,2,6.416753884,5.653819731,7.182340909,6.150603914,6.677015063,1530,1
103,3,7.169107362,6.677182719,7.661423277,6.99921515,7.335677977,1530,1
104,1,5.907679348,4.965239326,6.852157832,5.579061424,6.230599205,1545,1
104,2,6.405139464,5.643586233,7.169340764,6.139471229,6.664929566,1545,1
104,3,7.156131171,6.665096918,7.647555986,6.986546466,7.32240029,1545,1
105,1,5.896986361,4.956252168,6.839755324,5.56896324,6.219321727,1560,1
105,2,6.393546066,5.633371257,7.15636415,6.128358694,6.652865944,1560,1
105,3,7.143178466,6.653032993,7.633713795,6.973900713,7.309146636,1560,1
106,1,5.886312727,4.947281278,6.827375265,5.558883333,6.208064662,1575,1
106,2,6.381973652,5.623174771,7.143411024,6.117266274,6.640824157,1575,1
106,3,7.130249206,6.640990904,7.619896659,6.961277848,7.295916972,1575,1
107,1,5.875658413,4.938326625,6.815017613,5.548821671,6.196827972,1590,1
107,2,6.370422184,5.612996741,7.130481344,6.10619393,6.628804166,1590,1
107,3,7.117343349,6.628970611,7.606104533,6.948677831,7.282711253,1590,1
108,1,5.865023384,4.92938818,6.80268233,5.538778221,6.185611621,1605,1
108,2,6.358891625,5.602837133,7.117575066,6.095141628,6.616805931,1605,1
108,3,7.104460851,6.616972075,7.59233737,6.936100621,7.269529437,1605,1
109,1,5.854407604,4.920465913,6.790369373,5.528752949,6.174415571,1620,1
109,2,6.347381936,5.592695914,7.104692148,6.084109331,6.604829414,1620,1
109,3,7.091601671,6.604995257,7.578595126,6.923546175,7.25637148,1620,1
110,1,5.843811038,4.911559797,6.778078703,5.518745824,6.163239787,1635,1
110,2,6.33589308,5.582573051,7.09183255,6.073097002,6.592874574,1635,1
110,3,7.078765766,6.593040117,7.564877755,6.911014453,7.243237339,1635,1
111,1,5.833233653,4.9026698,6.765810279,5.508756812,6.152084231,1650,1
111,2,6.324425018,5.57246851,7.078996227,6.062104605,6.580941372,1650,1
111,3,7.065953094,6.581106616,7.551185213,6.898505413,7.230126971,1650,1
112,1,5.822675413,4.893795894,6.753564061,5.498785879,6.140948866,1665,1
112,2,6.312977715,5.562382259,7.066183138,6.051132105,6.56902977,1665,1
112,3,7.053163613,6.569194714,7.537517455,6.886019015,7.217040333,1665,1
113,1,5.812136283,4.884938051,6.74134001,5.488832995,6.129833657,1680,1
113,2,6.301551131,5.552314264,7.053393241,6.040179466,6.557139728,1680,1
113,3,7.040397282,6.557304374,7.523874436,6.873555218,7.203977382,1680,1
114,1,5.80161623,4.87609624,6.729138083,5.478898125,6.118738567,1695,1
114,2,6.290145229,5.542264492,7.040626493,6.029246651,6.545271207,1695,1
114,3,7.027654057,6.545435555,7.510256111,6.86111398,7.190938076,1695,1
115,1,5.791115218,4.867270433,6.716958243,5.468981238,6.107663558,1710,1
115,2,6.278759972,5.53223291,7.027882854,6.018333624,6.533424169,1710,1
115,3,7.014933898,6.533588219,7.496662435,6.848695262,7.17792237,1710,1
116,1,5.780633213,4.8584606,6.704800448,5.4590823,6.096608596,1725,1
116,2,6.267395323,5.522219486,7.015162281,6.007440351,6.521598573,1725,1
116,3,7.002236763,6.521762326,7.483093364,6.836299021,7.164930224,1725,1
117,1,5.77017018,4.849666714,6.692664659,5.449201279,6.085573644,1740,1
117,2,6.256051244,5.512224186,7.002464733,5.996566794,6.509794382,1740,1
117,3,6.98956261,6.509957839,7.469548853,6.823925217,7.151961593,1740,1
118,1,5.759726086,4.840888745,6.680550836,5.439338144,6.074558664,1755,1
118,2,6.244727697,5.502246978,6.989790167,5.985712918,6.498011557,1755,1
118,3,6.976911397,6.498174718,7.456028858,6.811573811,7.139016435,1755,1
119,1,5.749300896,4.832126664,6.668458939,5.42949286,6.063563622,1770,1
119,2,6.233424647,5.492287829,6.977138542,5.974878688,6.486250059,1770,1
119,3,6.964283083,6.486412925,7.442533335,6.79924476,7.126094709,1770,1
120,1,5.738894575,4.823380443,6.656388929,5.419665397,6.052588482,1785,1
120,2,6.222142055,5.482346706,6.964509817,5.964064069,6.47450985,1785,1
120,3,6.951677627,6.474672421,7.429062238,6.786938026,7.113196371,1785,1
121,1,5.72850709,4.814650052,6.644340765,5.409855722,6.041633206,1800,1
121,2,6.210879885,5.472423576,6.95190395,5.953269024,6.46279089,1800,1
121,3,6.939094987,6.462953167,7.415615524,6.774653567,7.100321379,1800,1
122,1,5.718138407,4.805935463,6.632314409,5.400063802,6.03069776,1815,1
122,2,6.1996381,5.462518408,6.9393209,5.942493518,6.451093142,1815,1
122,3,6.926535121,6.451255125,7.402193149,6.762391342,7.087469692,1815,1
123,1,5.707788491,4.797236648,6.620309821,5.390289606,6.019782106,1830,1
123,2,6.188416662,5.452631168,6.926760626,5.931737516,6.439416567,1830,1
123,3,6.913997989,6.439578257,7.388795069,6.750151313,7.074641265,1830,1
124,1,5.697457308,4.788553578,6.608326961,5.380533101,6.008886211,1845,1
124,2,6.177215535,5.442761824,6.914223086,5.921000982,6.427761127,1845,1
124,3,6.901483549,6.427922524,7.37542124,6.737933438,7.061836059,1845,1
125,1,5.687144826,4.779886225,6.596365791,5.370794256,5.998010037,1860,1
125,2,6.166034683,5.432910344,6.901708238,5.910283882,6.416126783,1860,1
125,3,6.888991761,6.416287888,7.362071617,6.725737678,7.04905403,1860,1
126,1,5.676851008,4.771234559,6.58442627,5.361073038,5.987153549,1875,1
126,2,6.154874068,5.423076695,6.889216043,5.89958618,6.404513498,1875,1
126,3,6.876522583,6.404674311,7.348746157,6.713563992,7.036295137,1875,1
127,1,5.666575823,4.762598553,6.57250836,5.351369416,5.976316712,1890,1
127,2,6.143733654,5.413260845,6.876746459,5.888907841,6.392921233,1890,1
127,3,6.864075974,6.393081755,7.335444817,6.701412341,7.023559338,1890,1
128,1,5.656319236,4.753978179,6.560612022,5.341683357,5.965499489,1905,1
128,2,6.132613404,5.403462762,6.864299446,5.878248829,6.38134995,1905,1
128,3,6.851651894,6.381510181,7.322167552,6.689282685,7.01084659,1905,1
129,1,5.646081214,4.745373407,6.548737216,5.33201483,5.954701846,1920,1
129,2,6.121513282,5.393682414,6.851874961,5.867609111,6.369799611,1920,1
129,3,6.839250302,6.369959553,7.30891432,6.677174983,6.998156853,1920,1
130,1,5.635861723,4.736784211,6.536883904,5.322363804,5.943923747,1935,1
130,2,6.110433252,5.383919768,6.839472965,5.856988651,6.358270178,1935,1
130,3,6.826871157,6.358429831,7.295685076,6.665089197,6.985490085,1935,1
131,1,5.625660729,4.72821056,6.525052046,5.312730246,5.933165156,1950,1
131,2,6.099373276,5.374174793,6.827093417,5.846387414,6.346761614,1950,1
131,3,6.814514418,6.346920978,7.282479777,6.653025286,6.972846243,1950,1
132,1,5.615478199,4.719652429,6.513241605,5.303114125,5.922426038,1965,1
132,2,6.08833332,5.364447456,6.814736276,5.835805365,6.335273881,1965,1
132,3,6.802180045,6.335432956,7.269298379,6.64098321,6.960225288,1965,1
133,1,5.605314099,4.711109787,6.50145254,5.293515409,5.911706359,1980,1
133,2,6.077313345,5.354737726,6.802401501,5.82524247,6.323806941,1980,1
133,3,6.789867997,6.323965727,7.256140841,6.628962931,6.947627176,1980,1
134,1,5.595168397,4.702582608,6.489684814,5.283934067,5.901006082,1995,1
134,2,6.066313317,5.345045571,6.790089053,5.814698695,6.312360755,1995,1
134,3,6.777578235,6.312519255,7.243007117,6.61696441,6.935051867,1995,1
135,1,5.585041059,4.694070863,6.477938387,5.274370067,5.890325173,2010,1
135,2,6.0553332,5.335370958,6.77779889,5.804174003,6.300935288,2010,1
135,3,6.765310717,6.301093501,7.229897166,6.604987605,6.922499319,2010,1
136,1,5.574932051,4.685574525,6.466213222,5.264823379,5.879663596,2025,1
136,2,6.044372956,5.325713857,6.765530973,5.793668361,6.289530501,2025,1
136,3,6.753065403,6.289688427,7.216810944,6.593032479,6.909969492,2025,1
137,1,5.56484134,4.677093565,6.454509279,5.25529397,5.869021317,2040,1
137,2,6.033432551,5.316074236,6.753285261,5.783181735,6.278146357,2040,1
137,3,6.740842254,6.278303997,7.203748409,6.581098991,6.897462344,2040,1
138,1,5.554768894,4.668627956,6.442826521,5.245781809,5.858398301,2055,1
138,2,6.022511947,5.306452062,6.741061713,5.77271409,6.266782818,2055,1
138,3,6.728641229,6.266940173,7.190709516,6.569187104,6.884977834,2055,1
139,1,5.54471468,4.660177669,6.431164909,5.236286865,5.847794512,2070,1
139,2,6.011611111,5.296847304,6.728860291,5.762265391,6.255439848,2070,1
139,3,6.716462288,6.255596918,7.177694225,6.557296777,6.872515921,2070,1
140,1,5.534678663,4.651742678,6.419524404,5.226809108,5.837209917,2085,1
140,2,6.000730005,5.287259931,6.716680953,5.751835604,6.244117408,2085,1
140,3,6.704305391,6.244274194,7.164702491,6.545427972,6.860076565,2085,1
141,1,5.524660812,4.643322954,6.407904969,5.217348505,5.82664448,2100,1
141,2,5.989868594,5.277689912,6.70452366,5.741424696,6.232815462,2100,1
141,3,6.692170498,6.232971964,7.151734272,6.53358065,6.847659724,2100,1
142,1,5.514661094,4.63491847,6.396306565,5.207905027,5.816098166,2115,1
142,2,5.979026842,5.268137214,6.692388372,5.731032631,6.221533973,2115,1
142,3,6.680057569,6.221690192,7.138789526,6.521754771,6.835265357,2115,1
143,1,5.504679475,4.626529199,6.384729155,5.198478641,5.805570942,2130,1
143,2,5.968204714,5.258601807,6.680275049,5.720659377,6.210272904,2130,1
143,3,6.667966565,6.21042884,7.125868211,6.509950297,6.822893425,2130,1
144,1,5.494715923,4.618155112,6.3731727,5.189069317,5.795062771,2145,1
144,2,5.957402175,5.249083659,6.668183652,5.710304898,6.199032217,2145,1
144,3,6.655897446,6.199187871,7.112970283,6.49816719,6.810543886,2145,1
145,1,5.484770405,4.609796182,6.361637162,5.179677024,5.784573621,2160,1
145,2,5.946619188,5.23958274,6.65611414,5.699969161,6.187811876,2160,1
145,3,6.643850172,6.187967248,7.1000957,6.48640541,6.7982167,2160,1
146,1,4.299926427,2.240285438,7.211645174,3.379407134,6.069037163,179,1
146,2,3.510668346,2.048500683,4.969890118,3.022174198,4.019655287,179,1
146,3,3.510668346,2.048500683,4.969890118,3.022174198,4.019655287,179,1
147,1,6.243424339,5.037550127,7.452600863,5.823246784,6.6568112,239,1
147,2,3.471847833,1.806655506,7.63193532,2.714873535,6.734832903,239,1
147,3,2.802534346,1.635299309,3.967417705,2.412573947,3.208853953,239,1
148,1,6.153589463,4.965066236,7.345367486,5.739457725,6.561028218,359,1
148,2,6.781292996,5.820314798,7.745177602,6.445918933,7.110243864,359,1
148,3,2.183838351,1.139106809,8.186347229,1.716883066,7.616082527,359,1
149,1,6.391309161,5.076505426,7.667613039,5.937728386,6.841460525,449,1
149,2,6.99033154,5.88743837,8.02243069,6.604342221,7.378097823,449,1
149,3,7.885154242,7.12845969,8.632243304,7.600951844,8.168857819,449,1
1,1,6.875048006,4.011640847,9.732686139,5.918415142,7.871812527,0,2
1,2,6.875048006,4.011640847,9.732686139,5.918415142,7.871812527,0,2
1,3,6.875048006,4.011640847,9.732686139,5.918415142,7.871812527,0,2
2,1,6.498543346,3.791947621,9.19968598,5.594299459,7.440721124,15,2
2,2,6.498543346,3.791947621,9.19968598,5.594299459,7.440721124,15,2
2,3,6.498543346,3.791947621,9.19968598,5.594299459,7.440721124,15,2
3,1,6.142657562,3.584285661,8.695875005,5.287933625,7.03323798,30,2
3,2,6.142657562,3.584285661,8.695875005,5.287933625,7.03323798,30,2
3,3,6.142657562,3.584285661,8.695875005,5.287933625,7.03323798,30,2
4,1,5.806261483,3.387996086,8.2196547,4.998345589,6.648070215,45,2
4,2,5.806261483,3.387996086,8.2196547,4.998345589,6.648070215,45,2
4,3,5.806261483,3.387996086,8.2196547,4.998345589,6.648070215,45,2
5,1,5.488287775,3.202456099,7.769514091,4.724616533,6.283995752,60,2
5,2,5.488287775,3.202456099,7.769514091,4.724616533,6.283995752,60,2
5,3,5.488287775,3.202456099,7.769514091,4.724616533,6.283995752,60,2
6,1,5.187727558,3.027077012,7.344024952,4.465877955,5.939859437,75,2
6,2,5.187727558,3.027077012,7.344024952,4.465877955,5.939859437,75,2
6,3,5.187727558,3.027077012,7.344024952,4.465877955,5.939859437,75,2
7,1,4.9036272,2.861302373,6.94183727,4.22130892,5.614569381,90,2
7,2,4.9036272,2.861302373,6.94183727,4.22130892,5.614569381,90,2
7,3,4.9036272,2.861302373,6.94183727,4.22130892,5.614569381,90,2
8,1,4.635085295,2.704606205,6.561674968,3.990133446,5.307093486,105,2
8,2,4.635085295,2.704606205,6.561674968,3.990133446,5.307093486,105,2
8,3,4.635085295,2.704606205,6.561674968,3.990133446,5.307093486,105,2
9,1,4.3812498,2.556491336,6.202331848,3.771618051,5.016456181,120,2
9,2,4.3812498,2.556491336,6.202331848,3.771618051,5.016456181,120,2
9,3,4.3812498,2.556491336,6.202331848,3.771618051,5.016456181,120,2
10,1,4.141315335,2.416487819,5.86266777,3.565069417,4.741735317,135,2
10,2,4.141315335,2.416487819,5.86266777,3.565069417,4.741735317,135,2
10,3,4.141315335,2.416487819,5.86266777,3.565069417,4.741735317,135,2
11,1,3.914520625,2.284151445,5.541605032,3.369832199,4.482059248,150,2
11,2,3.914520625,2.284151445,5.541605032,3.369832199,4.482059248,150,2
11,3,3.914520625,2.284151445,5.541605032,3.369832199,4.482059248,150,2
12,1,3.700279047,2.159062331,5.240416166,3.185286939,4.237792735,165,2
12,2,3.700146085,2.159062331,5.238124953,3.185286939,4.236604061,165,2
12,3,3.700146085,2.159062331,5.238124953,3.185286939,4.236604061,165,2
13,1,4.943446703,2.283964694,7.265342065,3.492060639,6.235422403,180,2
13,2,3.497511537,2.040823589,4.951264635,3.010848102,4.004590966,180,2
13,3,3.497511537,2.040823589,4.951264635,3.010848102,4.004590966,180,2
14,1,6.276258175,5.058659673,7.492310804,5.853258963,6.692162591,195,2
14,2,3.305974054,1.929060065,4.680113917,2.845962222,3.785283819,195,2
14,3,3.305974054,1.929060065,4.680113917,2.845962222,3.785283819,195,2
15,1,6.26533048,5.055225249,7.47874961,5.843678659,6.680167781,210,2
15,2,3.124925917,1.823417151,4.423812478,2.690106141,3.577986795,210,2
15,3,3.124925917,1.823417151,4.423812478,2.690106141,3.577986795,210,2
16,1,6.253990138,5.046075215,7.465212961,5.833101513,6.668076578,225,2
16,2,2.95407955,1.723559659,4.191008559,2.543263073,3.38358383,225,2
16,3,2.953792687,1.723559659,4.181547113,2.542785352,3.38204217,225,2
17,1,6.242670322,5.036941744,7.451700814,5.822543512,6.656007259,240,2
17,2,5.797547325,1.848899953,7.686805453,2.799583745,6.852044649,240,2
17,3,2.792031386,1.629170755,3.952549153,2.403532429,3.196828243,240,2
18,1,6.231370996,5.027824804,7.438213124,5.812004621,6.643959787,255,2
18,2,6.866710189,5.887730962,7.84307685,6.526364006,7.199999696,255,2
18,3,2.63912877,1.539950959,3.736092021,2.271905543,3.02175736,255,2
19,1,6.220092121,5.018724366,7.424749847,5.801484806,6.63193412,270,2
19,2,6.854579329,5.883215713,7.828880764,6.515580834,7.187085213,270,2
19,3,2.494599702,1.45561719,3.531488932,2.147487063,2.856274046,270,2
20,1,6.208833661,5.0096404,7.411310939,5.790984032,6.61993022,285,2
20,2,6.842172438,5.872567004,7.814710373,6.503787536,7.174076482,285,2
20,3,2.357985614,1.37590187,3.338090713,2.029882228,2.699853249,285,2
21,1,6.19759558,5.000572876,7.397896356,5.780502264,6.607948048,300,2
21,2,6.829788003,5.86193757,7.80056563,6.492015583,7.161091296,300,2
21,3,2.228853051,1.300552074,3.155283741,1.918717896,2.55199867,300,2
22,1,6.186377839,4.991521764,7.384506053,5.770039469,6.595987563,315,2
22,2,6.817425985,5.851327376,7.78644649,6.480264938,7.148129614,315,2
22,3,2.106792295,1.229328729,2.982487998,1.81364136,2.412241189,315,2
23,1,6.175180403,4.982487035,7.371139986,5.759595611,6.584048727,330,2
23,2,6.805086342,5.840736386,7.772352905,6.468535561,7.135191392,330,2
23,3,1.991416065,1.162005854,2.819155229,1.714319229,2.280137377,330,2
24,1,6.164003234,4.973468659,7.357798113,5.749170657,6.5721315,345,2
24,2,6.792769034,5.830164566,7.75828483,6.456827415,7.122276589,345,2
24,3,1.882460933,1.098369845,2.672175486,1.620618568,2.156783622,345,2
25,1,6.152846296,4.964466607,7.344480388,5.738764572,6.560235844,360,2
25,2,6.780474021,5.819611881,7.744242219,6.445140461,7.109385162,360,2
25,3,2.829411051,1.158333623,8.226549198,1.775610807,7.701634027,360,2
26,1,6.141709552,4.955480848,7.331186769,5.728377323,6.548361719,375,2
26,2,6.768201261,5.809078296,7.730225025,6.433474661,7.096517069,375,2
26,3,7.714657808,7.092928169,8.33463251,7.500696313,7.92378306,375,2
27,1,6.130592966,4.946511353,7.317917211,5.718008874,6.536509087,390,2
27,2,6.755950716,5.798563778,7.716233202,6.421829975,7.083672267,390,2
27,3,7.701252418,7.083177542,8.319546701,7.487440176,7.909719698,390,2
28,1,6.119496501,4.937558094,7.304671672,5.707659192,6.524677908,405,2
28,2,6.743722344,5.788068291,7.702266705,6.410206367,7.070850714,405,2
28,3,7.687313036,7.070356885,8.304488197,7.473887797,7.895402987,405,2
29,1,6.108420121,4.92862104,7.291450107,5.697328244,6.512868143,420,2
29,2,6.731516106,5.777591801,7.688325487,6.398603798,7.058052369,420,2
29,3,7.673398885,7.057559433,8.289456949,7.460359949,7.88111219,420,2
30,1,6.097363789,4.919700162,7.278252473,5.687015995,6.501079754,435,2
30,2,6.719331961,5.767134273,7.674409503,6.387022229,7.045277189,435,2
30,3,7.659509918,7.044785145,8.274452908,7.446856586,7.866847259,435,2
31,1,6.08632747,4.910795431,7.265078728,5.676722411,6.489312703,450,2
31,2,6.70716987,5.756695674,7.660518707,6.375461624,7.032525132,450,2
31,3,7.645646091,7.032033978,8.259476025,7.433377664,7.852608148,450,2
32,1,6.075311126,4.901906818,7.251928827,5.666447458,6.47756695,465,2
32,2,6.695029792,5.746275969,7.646653053,6.363921943,7.019796156,465,2
32,3,7.631807357,7.019305892,8.24452625,7.419923139,7.83839481,465,2
33,1,6.064314722,4.893034294,7.238802727,5.656191104,6.465842457,480,2
33,2,6.682911688,5.735875123,7.632812497,6.352403149,7.00709022,480,2
33,3,7.617993672,7.006600843,8.229603534,7.406492967,7.824207198,480,2
34,1,6.053338222,4.884177829,7.225700386,5.645953313,6.454139185,495,2
34,2,6.670815518,5.725493104,7.618996992,6.340905204,6.994407282,495,2
34,3,7.604204989,6.993918791,8.214707828,7.393087105,7.810045266,495,2
35,1,6.042381589,4.875337394,7.21262176,5.635734054,6.442457097,510,2
35,2,6.658741243,5.715129876,7.605206494,6.329428071,6.9817473,510,2
35,3,7.590441264,6.981259694,8.199839085,7.379705506,7.795908967,510,2
36,1,6.031444788,4.86651296,7.199566807,5.625533291,6.430796153,525,2
36,2,6.646688821,5.704785405,7.591440957,6.317971712,6.969110233,525,2
36,3,7.576702452,6.968623509,8.184997253,7.366348129,7.781798255,525,2
37,1,6.020527783,4.857704499,7.186535484,5.615350991,6.419156316,540,2
37,2,6.634658215,5.694459658,7.577700335,6.306536089,6.95649604,540,2
37,3,7.562988508,6.956010197,8.170182286,7.353014929,7.767713084,540,2
38,1,6.009630538,4.848911981,7.173527747,5.605187122,6.407537547,555,2
38,2,6.622649385,5.684152601,7.563984584,6.295121164,6.943904678,555,2
38,3,7.549299385,6.943419714,8.155394134,7.339705862,7.753653408,555,2
39,1,5.998753017,4.840135378,7.160543555,5.59504165,6.395939809,570,2
39,2,6.61066229,5.6738642,7.550293659,6.283726901,6.931336107,570,2
39,3,7.535635041,6.930852021,8.140632749,7.326420885,7.739619179,570,2
40,1,5.987895184,4.831374661,7.147582864,5.584914541,6.384363062,585,2
40,2,6.598696893,5.663594421,7.536627515,6.272353261,6.918790285,585,2
40,3,7.521995429,6.918307075,8.125898082,7.313159953,7.725610353,585,2
41,1,5.977057005,4.8226298,7.134645632,5.574805762,6.37280727,600,2
41,2,6.586753153,5.65334323,7.522986106,6.261000208,6.906267171,600,2
41,3,7.508380505,6.905784836,8.111190085,7.299923025,7.711626882,600,2
42,1,5.966238442,4.813900768,7.121731817,5.56471528,6.361272393,615,2
42,2,6.574831031,5.643110595,7.509369389,6.249667704,6.893766724,615,2
42,3,7.494790224,6.893285262,8.096508709,7.286710055,7.697668723,615,2
43,1,5.955439461,4.805187536,7.108841376,5.554643062,6.349758395,630,2
43,2,6.562930489,5.63289648,7.495777318,6.238355712,6.881288903,630,2
43,3,7.481224541,6.880808313,8.081853908,7.273521001,7.683735827,630,2
44,1,5.944660027,4.796490075,7.095974267,5.544589075,6.338265237,645,2
44,2,6.551051487,5.622700853,7.482209849,6.227064195,6.868833668,645,2
44,3,7.467683413,6.868353947,8.067225631,7.260355819,7.66982815,645,2
45,1,5.933900103,4.787808356,7.083130447,5.534553286,6.326792883,660,2
45,2,6.539193986,5.612523681,7.468666938,6.215793116,6.856400976,660,2
45,3,7.454166795,6.855922124,8.052623832,7.247214467,7.655945647,660,2
46,1,5.923159656,4.779142351,7.070309875,5.524535662,6.315341293,675,2
46,2,6.527357947,5.602364929,7.455148539,6.204542437,6.843990788,675,2
46,3,7.440674641,6.843512802,8.038048463,7.2340969,7.642088271,675,2
47,1,5.913326599,4.770492032,7.061648345,5.514697247,6.30455185,690,2
47,2,6.516337137,5.592224565,7.44511386,6.193488859,6.832024008,690,2
47,3,7.427467883,6.832676592,8.025049896,7.221681741,7.629541165,690,2
48,1,5.939246231,4.778782792,7.148448269,5.533412076,6.347340365,705,2
48,2,6.538009072,5.600192899,7.514442876,6.210408536,6.867071423,705,2
48,3,7.437126341,6.827664832,8.136147775,7.224238496,7.654292285,705,2
49,1,6.230700806,4.926550094,7.482863229,5.778615766,6.669309478,720,2
49,2,6.811763255,5.706586227,7.809471879,6.425903562,7.190906198,720,2
49,3,7.676955126,6.911474951,8.40350205,7.384385546,7.958402689,720,2
50,1,6.513881719,5.383256523,7.581104752,6.136512276,6.881801569,735,2
50,2,7.074752448,6.101404755,7.934870263,6.764618771,7.368137012,735,2
50,3,7.90706124,7.225316586,8.465701234,7.704975406,8.098260218,735,2
51,1,6.540522103,5.499805674,7.58045167,6.177876847,6.895323216,750,2
51,2,7.087061246,6.249533287,7.929587994,6.794816995,7.374091788,750,2
51,3,7.914770163,7.371746508,8.456049789,7.727163182,8.097647493,750,2
52,1,6.528884438,5.493347336,7.566730939,6.167823649,6.883749317,765,2
52,2,7.075540465,6.2387831,7.915235321,6.783638853,7.360992935,765,2
52,3,7.90070448,7.361207068,8.440744213,7.714371593,8.083407134,765,2
53,1,6.51706706,5.483404295,7.553035043,6.156659796,6.871289628,780,2
53,2,7.062733631,6.227490809,7.900908627,6.771360365,7.347669428,780,2
53,3,7.886404087,7.347883173,8.425466339,7.700408465,8.068776046,780,2
54,1,6.505271071,5.473479252,7.539363937,6.14551615,6.858852491,795,2
54,2,7.049949978,6.216218958,7.886607864,6.759104102,7.334370036,795,2
54,3,7.872129578,7.334583395,8.410216119,7.686470611,8.054171441,795,2
55,1,6.493496433,5.463572172,7.525717575,6.134392674,6.846437866,810,2
55,2,7.037189463,6.204967509,7.872332986,6.746870023,7.321094717,810,2
55,3,7.857880906,7.321307689,8.394993503,7.672557984,8.03959327,810,2
56,1,6.481743108,5.453683025,7.512095914,6.123289332,6.834045711,825,2
56,2,7.024452045,6.193736425,7.858083946,6.734658087,7.307843426,825,2
56,3,7.843658024,7.308056013,8.379798439,7.65867054,8.025041486,825,2
57,1,6.470011056,5.443811777,7.498498908,6.112206087,6.821675986,840,2
57,2,7.011737681,6.182525669,7.843860697,6.722468255,7.29461612,840,2
57,3,7.829460886,7.294828322,8.364630878,7.644808232,8.010516041,840,2
58,1,6.458300239,5.433958397,7.484926513,6.101142902,6.809328651,855,2
58,2,6.999046331,6.171335205,7.829663191,6.710300487,7.281412756,855,2
58,3,7.815289444,7.281624574,8.349490772,7.630971015,7.996016887,855,2
59,1,6.446610619,5.424122851,7.471378684,6.090099742,6.797003664,870,2
59,2,6.986377953,6.160164996,7.815491384,6.698154743,7.26823329,870,2
59,3,7.801143654,7.268444725,8.334378069,7.617158843,7.981543977,870,2
60,1,6.434942157,5.414305107,7.457855377,6.079076571,6.784700986,885,2
60,2,6.973732505,6.149015006,7.801345228,6.686030983,7.255077679,885,2
60,3,7.787023467,7.255288731,8.31929272,7.603371672,7.967097264,885,2
61,1,6.423294816,5.404505134,7.444356547,6.068073351,6.772420576,900,2
61,2,6.961109944,6.137885197,7.787224676,6.673929167,7.24194588,900,2
61,3,7.772928838,7.24215655,8.304234676,7.589609455,7.952676698,900,2
62,1,6.411668556,5.394722899,7.430882151,6.057090048,6.760162393,915,2
62,2,6.948510231,6.126775533,7.773129683,6.661849255,7.22883785,915,2
62,3,7.758859721,7.229048139,8.289203887,7.575872149,7.938282235,915,2
63,1,6.400063341,5.38495837,7.417432143,6.046126624,6.747926398,930,2
63,2,6.935933324,6.115685977,7.759060202,6.649791209,7.215753545,930,2
63,3,7.744816069,7.215963453,8.274200304,7.562159707,7.923913825,930,2
64,1,6.38847913,5.375211515,7.40400648,6.035183045,6.735712551,945,2
64,2,6.923379181,6.104616494,7.745016188,6.637754987,7.202692924,945,2
64,3,7.730797836,7.202902452,8.259223878,7.548472085,7.909571423,945,2
65,1,6.376915888,5.365482302,7.390605118,6.024259273,6.72352081,960,2
65,2,6.910847761,6.093567047,7.730997593,6.625740551,7.189655942,960,2
65,3,7.716804977,7.189865091,8.244274559,7.534809238,7.89525498,960,2
66,1,6.365373574,5.355770699,7.377228012,6.013355274,6.711351137,975,2
66,2,6.898339024,6.0825376,7.717004371,6.613747862,7.176642557,975,2
66,3,7.702837444,7.176851327,8.229352299,7.52117112,7.880964451,975,2
67,1,6.353852153,5.346076674,7.363875119,6.002471011,6.699203491,990,2
67,2,6.885852927,6.071528116,7.703036478,6.60177688,7.163652727,990,2
67,3,7.688895193,7.163861119,8.214457048,7.507557688,7.866699787,990,2
68,1,6.342351586,5.336400195,7.350546395,5.991606449,6.687077833,1005,2
68,2,6.87338943,6.060538559,7.689093867,6.589827565,7.150686408,1005,2
68,3,7.674978178,7.150894424,8.199588758,7.493968897,7.852460943,1005,2
69,1,6.330871835,5.326741231,7.337241796,5.980761552,6.674974122,1020,2
69,2,6.860948493,6.049568894,7.675176492,6.577899878,7.137743559,1020,2
69,3,7.661086353,7.137951198,8.18474738,7.480404701,7.838247872,1020,2
70,1,6.319412862,5.31709975,7.323961279,5.969936284,6.662892319,1035,2
70,2,6.848530073,6.038619084,7.661284308,6.565993781,7.124824137,1035,2
70,3,7.647219672,7.1250314,8.169932865,7.466865057,7.824060526,1035,2
71,1,6.30797463,5.30747572,7.3107048,5.95913061,6.650832385,1050,2
71,2,6.836134132,6.027689093,7.647417269,6.554109234,7.111928099,1050,2
71,3,7.63337809,7.112134986,8.155145164,7.453349919,7.809898859,1050,2
72,1,6.296557102,5.297869109,7.297472315,5.948344495,6.638794279,1065,2
72,2,6.823760627,6.016778886,7.633575329,6.542246199,7.099055402,1065,2
72,3,7.619561562,7.099261916,8.14038423,7.439859244,7.795762826,1065,2
73,1,6.28516024,5.288279887,7.284263781,5.937577902,6.626777962,1080,2
73,2,6.811409518,6.005888426,7.619758444,6.530404635,7.086206006,1080,2
73,3,7.605770042,7.086412145,8.125650013,7.426392988,7.781652378,1080,2
74,1,6.273784006,5.278708021,7.271079154,5.926830798,6.614783395,1095,2
74,2,6.799080765,5.995017678,7.605966567,6.518584505,7.073379867,1095,2
74,3,7.592003484,7.073585634,8.110942465,7.412951106,7.767567471,1095,2
75,1,6.262428363,5.269153481,7.257918392,5.916103145,6.602810538,1110,2
75,2,6.786774327,5.984166607,7.592199654,6.50678577,7.060576944,1110,2
75,3,7.578261844,7.060782338,8.096261538,7.399533554,7.753508058,1110,2
76,1,6.251093274,5.259616235,7.244781452,5.90539491,6.590859352,1125,2
76,2,6.774490164,5.973335176,7.578457659,6.495008391,7.047797194,1125,2
76,3,7.564545077,7.048002216,8.081607183,7.386140287,7.739474093,1125,2
77,1,6.239778702,5.250096251,7.231668289,5.894706057,6.578929798,1140,2
77,2,6.762228236,5.96252335,7.564740538,6.483252328,7.035040576,1140,2
77,3,7.550853138,7.035245227,8.066979353,7.372771263,7.725465529,1140,2
78,1,6.228484609,5.240593498,7.218578861,5.884036551,6.567021837,1155,2
78,2,6.749988502,5.951731093,7.551048244,6.471517545,7.022307047,1155,2
78,3,7.537185981,7.022511328,8.052378,7.359426437,7.711482321,1155,2
79,1,6.217210959,5.231107945,7.205513126,5.873386357,6.555135429,1170,2
79,2,6.737770922,5.940958371,7.537380734,6.459804001,7.009596567,1170,2
79,3,7.523543561,7.009800478,8.037803076,7.346105765,7.697524423,1170,2
80,1,6.205957714,5.221639562,7.192471039,5.86275544,6.543270536,1185,2
80,2,6.725575455,5.930205148,7.523737962,6.44811166,6.996909092,1185,2
80,3,7.509925835,6.997112634,8.023254532,7.332809204,7.683591788,1185,2
81,1,6.194724838,5.212188316,7.179452559,5.852143765,6.531427119,1200,2
81,2,6.713402063,5.919471388,7.510119884,6.436440481,6.984244582,1200,2
81,3,7.496332757,6.984447755,8.008732321,7.319536709,7.669684373,1200,2
82,1,6.183512293,5.202754177,7.166457643,5.841551297,6.519605138,1215,2
82,2,6.701250705,5.908757056,7.496526455,6.424790428,6.971602995,1215,2
82,3,7.482764283,6.971805801,7.994236396,7.306288239,7.655802129,1215,2
83,1,6.172320044,5.193337115,7.153486247,5.830978002,6.507804555,1230,2
83,2,6.689121341,5.898062118,7.48295763,6.413161461,6.95898429,1230,2
83,3,7.469220368,6.959186728,7.979766709,7.293063748,7.641945013,1230,2
84,1,6.161148052,5.183937097,7.14053833,5.820423845,6.496025332,1245,2
84,2,6.677013932,5.887386537,7.469413365,6.401553543,6.946388424,1245,2
84,3,7.455700967,6.946590496,7.965323212,7.279863193,7.628112978,1245,2
85,1,6.149996282,5.174554093,7.127613849,5.809888791,6.484267429,1260,2
85,2,6.664928437,5.876730279,7.455893615,6.389966635,6.933815357,1260,2
85,3,7.442206037,6.934017063,7.950905858,7.266686532,7.61430598,1260,2
86,1,6.138864697,5.165188073,7.114712762,5.799372805,6.472530808,1275,2
86,2,6.652864817,5.86609331,7.442398336,6.3784007,6.921265048,1275,2
86,3,7.428735533,6.921466389,7.936514599,7.253533721,7.600523972,1275,2
87,1,6.12775326,5.155839005,7.101835025,5.788875854,6.46081543,1290,2
87,2,6.640823032,5.855475593,7.428927484,6.3668557,6.908737455,1290,2
87,3,7.41528941,6.908938431,7.922149389,7.240404717,7.58676691,1290,2
88,1,6.116661935,5.14650686,7.088980598,5.778397902,6.449121258,1305,2
88,2,6.628803043,5.844877095,7.415481014,6.355331596,6.896232536,1305,2
88,3,7.401867626,6.89643315,7.907810181,7.227299476,7.573034749,1305,2
89,1,6.105590686,5.137191605,7.076149437,5.767938915,6.437448252,1320,2
89,2,6.616804811,5.83429778,7.402058883,6.34382835,6.883750253,1320,2
89,3,7.388470135,6.883950502,7.893496926,7.214217956,7.559327443,1320,2
90,1,6.094539475,5.127893212,7.063341501,5.75749886,6.425796375,1335,2
90,2,6.604828295,5.823737614,7.388661046,6.332345926,6.871290562,1335,2
90,3,7.375096893,6.871490449,7.879209579,7.201160113,7.545644947,1335,2
91,1,6.083508268,5.118611648,7.050556747,5.747077701,6.414165587,1350,2
91,2,6.592873457,5.813196562,7.375287459,6.320884286,6.858853423,1350,2
91,3,7.361747858,6.859052949,7.864948092,7.188125906,7.531987217,1350,2
92,1,6.072497027,5.109346885,7.037795134,5.736675404,6.402555851,1365,2
92,2,6.580940258,5.802674589,7.361938078,6.309443391,6.846438796,1365,2
92,3,7.348422984,6.84663796,7.850712418,7.175115291,7.518354207,1365,2
93,1,6.061505716,5.100098891,7.02505662,5.726291936,6.39096713,1380,2
93,2,6.569028657,5.792171661,7.34861286,6.298023204,6.834046639,1380,2
93,3,7.335122229,6.834245443,7.836502511,7.162128225,7.504745874,1380,2
94,1,6.0505343,5.090867635,7.012341162,5.715927262,6.379399384,1395,2
94,2,6.557138617,5.781687744,7.335311761,6.286623688,6.821676913,1395,2
94,3,7.321845548,6.821875357,7.822318325,7.149164666,7.491162172,1395,2
95,1,6.039582743,5.081653089,6.99964872,5.705581348,6.367852576,1410,2
95,2,6.545270098,5.771222803,7.322034737,6.275244805,6.809329576,1410,2
95,3,7.308592898,6.809527661,7.808159812,7.136224571,7.477603056,1410,2
96,1,6.028651008,5.072455221,6.986979251,5.695254161,6.356326667,1425,2
96,2,6.533423062,5.760776803,7.308781745,6.263886518,6.797004587,1425,2
96,3,7.295364236,6.797202314,7.794026926,7.123307898,7.464068483,1425,2
97,1,6.01773906,5.063274001,6.974332714,5.684945666,6.344821621,1440,2
97,2,6.521597468,5.750349711,7.295552741,6.25254879,6.784701908,1440,2
97,3,7.282159517,6.784899276,7.77991962,7.110414604,7.450558408,1440,2
98,1,6.006846862,5.0541094,6.961709068,5.674655829,6.333337399,1455,2
98,2,6.509793279,5.739941492,7.282347681,6.241231583,6.772421496,1455,2
98,3,7.2689787,6.772618507,7.76583785,7.097544647,7.437072786,1455,2
99,1,5.995974379,5.044961386,6.94910827,5.664384617,6.321873964,1470,2
99,2,6.498010456,5.729552113,7.269166523,6.229934861,6.760163312,1470,2
99,3,7.25582174,6.760359966,7.751781567,7.084697985,7.423611573,1470,2
100,1,5.985121576,5.035829931,6.93653028,5.654131996,6.310431277,1485,2
100,2,6.48624896,5.719181538,7.256009223,6.218658585,6.747927315,1485,2
100,3,7.242688594,6.748123614,7.737750727,7.071874576,7.410174725,1485,2
101,1,5.974288417,5.026715003,6.923975057,5.643897933,6.299009302,1500,2
101,2,6.474508753,5.708829734,7.242875738,6.20740272,6.735713466,1500,2
101,3,7.229579219,6.735909409,7.723745282,7.059074378,7.396762198,1500,2
102,1,5.963474865,5.017616574,6.911442559,5.633682393,6.287608001,1515,2
102,2,6.462789795,5.698496666,7.229766025,6.196167229,6.723521724,1515,2
102,3,7.216493573,6.723717312,7.709765188,7.046297347,7.383373948,1515,2
103,1,5.952680887,5.008534613,6.898932744,5.623485344,6.276227337,1530,2
103,2,6.451092049,5.688182302,7.21668004,6.184952073,6.711352049,1530,2
103,3,7.203431612,6.711547284,7.695810398,7.033543444,7.37000993,1530,2
104,1,5.941906445,4.99946909,6.886445573,5.613306751,6.264867272,1545,2
104,2,6.439415476,5.677886607,7.203617742,6.173757218,6.699204401,1545,2
104,3,7.190393293,6.699399283,7.681880866,7.020812625,7.356670102,1545,2
105,1,5.931151506,4.990419977,6.873981004,5.603146582,6.253527768,1560,2
105,2,6.427760038,5.667609548,7.190579086,6.162582625,6.687078741,1560,2
105,3,7.177378574,6.68727327,7.667976547,7.008104849,7.34335442,1560,2
106,1,5.920416033,4.981387242,6.861538995,5.593004803,6.24220879,1575,2
106,2,6.416125696,5.65735109,7.17756403,6.151428258,6.674975029,1575,2
106,3,7.164387411,6.675169205,7.654097394,6.995420075,7.330062838,1575,2
107,1,5.909699992,4.972370857,6.849119507,5.582881381,6.230910298,1590,2
107,2,6.404512413,5.6471112,7.164572532,6.140294081,6.662893224,1590,2
107,3,7.151419763,6.663087049,7.640243364,6.98275826,7.316795315,1590,2
108,1,5.899003346,4.963370791,6.836722499,5.572776282,6.219632258,1605,2
108,2,6.39292015,5.636889844,7.151604549,6.129180057,6.650833288,1605,2
108,3,7.138475586,6.651026762,7.626414409,6.970119363,7.303551806,1605,2
109,1,5.888326062,4.954387016,6.824347929,5.562689474,6.20837463,1620,2
109,2,6.381348869,5.626686989,7.138660038,6.11808615,6.63879518,1620,2
109,3,7.125554839,6.638988304,7.612610485,6.957503343,7.290332268,1620,2
110,1,5.877668104,4.945419501,6.811995757,5.552620923,6.197137379,1635,2
110,2,6.369798532,5.616502602,7.125738956,6.107012322,6.626778862,1635,2
110,3,7.112657478,6.626971636,7.598831546,6.944910158,7.277136658,1635,2
111,1,5.867029437,4.936468218,6.799665943,5.542570596,6.185920468,1650,2
111,2,6.358269101,5.606336648,7.112841262,6.095958539,6.614784293,1650,2
111,3,7.099783462,6.614976719,7.585077548,6.932339767,7.263964932,1650,2
112,1,5.856410026,4.927533137,6.787358446,5.53253846,6.17472386,1665,2
112,2,6.346760539,5.596189095,7.099966913,6.084924763,6.602811435,1665,2
112,3,7.086932748,6.603003512,7.571348444,6.919792128,7.250817047,1665,2
113,1,5.845809836,4.918614228,6.775073226,5.522524483,6.163547517,1680,2
113,2,6.335272808,5.586059909,7.087115867,6.073910958,6.590860247,1680,2
113,3,7.074105293,6.591051977,7.55764419,6.907267201,7.23769296,1680,2
114,1,5.835228833,4.909711463,6.762810242,5.512528631,6.152391404,1695,2
114,2,6.323805869,5.575949057,7.074288081,6.062917088,6.578930692,1695,2
114,3,7.061301057,6.579122074,7.543964741,6.894764944,7.224592627,1695,2
115,1,5.824666982,4.900824812,6.750569454,5.502550872,6.141255484,1710,2
115,2,6.312359686,5.565856506,7.061483514,6.051943118,6.567022729,1710,2
115,3,7.048519997,6.567213765,7.530310052,6.882285317,7.211516007,1710,2
116,1,5.814124247,4.891954246,6.738350823,5.492591173,6.13013972,1725,2
116,2,6.300934221,5.555782223,7.048702124,6.04098901,6.55513632,1725,2
116,3,7.03576207,6.55532701,7.516680079,6.869828277,7.198463055,1725,2
117,1,5.803600596,4.883099735,6.726154307,5.482649501,6.119044075,1740,2
117,2,6.289529436,5.545726174,7.035943867,6.03005473,6.543271425,1740,2
117,3,7.023027236,6.54346177,7.503074775,6.857393786,7.185433729,1740,2
118,1,5.793095992,4.874261252,6.713979867,5.472725823,6.107968514,1755,2
118,2,6.278145293,5.535688326,7.023208704,6.019140241,6.531428006,1755,2
118,3,7.010315451,6.531618007,7.489494098,6.8449818,7.172427987,1755,2
119,1,5.782610401,4.865438766,6.701827463,5.462820108,6.096913,1770,2
119,2,6.266781757,5.525668648,7.010496591,6.008245507,6.519606024,1770,2
119,3,6.997626676,6.51979568,7.475938002,6.832592281,7.159445785,1770,2
120,1,5.77214379,4.856632249,6.689697055,5.452932322,6.085877496,1785,2
120,2,6.255438788,5.515667105,6.997807488,5.997370493,6.507805439,1785,2
120,3,6.984960867,6.507994753,7.462406442,6.820225187,7.146487081,1785,2
121,1,5.761696124,4.847841672,6.677588604,5.443062433,6.074861967,1800,2
121,2,6.24411635,5.505683665,6.985141351,5.986515163,6.496026214,1800,2
121,3,6.972317983,6.496215185,7.448899375,6.807880477,7.133551833,1800,2
122,1,5.751267368,4.839067006,6.665502069,5.433210408,6.063866376,1815,2
122,2,6.232814406,5.495718295,6.972498141,5.975679481,6.48426831,1815,2
122,3,6.959697983,6.484456939,7.435416756,6.795558112,7.120639997,1815,2
123,1,5.740857488,4.830308223,6.65343741,5.423376216,6.052890687,1830,2
123,2,6.221532919,5.485770963,6.959877815,5.964863412,6.472531687,1830,2
123,3,6.947100826,6.472719975,7.42195854,6.78325805,7.107751532,1830,2
124,1,5.73046645,4.821565293,6.641394589,5.413559824,6.041934864,1845,2
124,2,6.210271852,5.475841636,6.947280333,5.95406692,6.460816308,1845,2
124,3,6.93452647,6.461004255,7.408524684,6.770980252,7.094886396,1845,2
125,1,5.72009422,4.812838187,6.629373566,5.4037612,6.030998872,1860,2
125,2,6.199031167,5.465930281,6.934705651,5.94328997,6.449122134,1860,2
125,3,6.921974873,6.44930974,7.395115144,6.758724676,7.082044545,1860,2
126,1,5.709740764,4.804126878,6.6173743,5.393980312,6.020082674,1875,2
126,2,6.187810828,5.456036865,6.92215373,5.932532526,6.437449127,1875,2
126,3,6.909445995,6.437636393,7.381729875,6.746491284,7.069225939,1875,2
127,1,5.699406048,4.795431337,6.605396754,5.384217127,6.009186234,1890,2
127,2,6.176610798,5.446161357,6.909624529,5.921794553,6.425797247,1890,2
127,3,6.896939795,6.425984175,7.368368834,6.734280034,7.056430534,1890,2
128,1,5.689090038,4.786751535,6.593440887,5.374471613,5.998309517,1905,2
128,2,6.16543104,5.436303723,6.897118005,5.911076017,6.414166458,1905,2
128,3,6.884456231,6.414353048,7.355031976,6.722090886,7.04365829,1905,2
129,1,5.6787927,4.778087443,6.581506661,5.364743739,5.987452488,1920,2
129,2,6.154271517,5.426463932,6.884634118,5.900376881,6.402556721,1920,2
129,3,6.871995262,6.402742973,7.341719258,6.709923801,7.030909163,1920,2
130,1,5.668514,4.769439033,6.569594035,5.355033473,5.976615109,1935,2
130,2,6.143132194,5.416641952,6.872172828,5.88969711,6.390967998,1935,2
130,3,6.859556848,6.391153913,7.328430637,6.697778739,7.018183112,1935,2
131,1,5.658253905,4.760806277,6.557702972,5.345340782,5.965797346,1950,2
131,2,6.132013033,5.406837749,6.859734092,5.879036671,6.37940025,1950,2
131,3,6.847140948,6.379585829,7.315166068,6.685655659,7.005480096,1950,2
132,1,5.648012381,4.752189147,6.545833432,5.335665636,5.954999164,1965,2
132,2,6.120913998,5.397051292,6.847317871,5.868395526,6.367853441,1965,2
132,3,6.83474752,6.368038683,7.301925508,6.673554523,6.992800072,1965,2
133,1,5.637789394,4.743587613,6.533985375,5.326008001,5.944220527,1980,2
133,2,6.109835052,5.387282548,6.834924123,5.857773643,6.356327531,1980,2
133,3,6.822376525,6.356512438,7.288708914,6.661475289,6.980143,1980,2
134,1,5.627584911,4.735001649,6.522158764,5.316367847,5.933461399,1995,2
134,2,6.098776159,5.377531486,6.822552809,5.847170985,6.344822483,1995,2
134,3,6.810027921,6.345007055,7.275516241,6.649417919,6.967508837,1995,2
135,1,5.617398898,4.726431225,6.510353559,5.306745142,5.922721745,2010,2
135,2,6.087737283,5.367798074,6.810203886,5.836587518,6.333338259,2010,2
135,3,6.797701669,6.333522498,7.262347448,6.637382374,6.954897541,2010,2
136,1,5.607231322,4.717876314,6.498569722,5.297139854,5.91200153,2025,2
136,2,6.076718388,5.358082279,6.797877315,5.826023208,6.321874822,2025,2
136,3,6.785397728,6.322058727,7.249202491,6.625368612,6.942309073,2025,2
137,1,5.59708215,4.709336887,6.486807214,5.287551951,5.901300719,2040,2
137,2,6.065719437,5.34838407,6.785573056,5.815478019,6.310432135,2040,2
137,3,6.773116056,6.310615706,7.236081326,6.613376596,6.92974339,2040,2
138,1,5.586951347,4.700812917,6.475065996,5.277981403,5.890619276,2055,2
138,2,6.054740394,5.338703415,6.773291067,5.804951916,6.299010158,2055,2
138,3,6.760856615,6.299193398,7.222983911,6.601406286,6.917200451,2055,2
139,1,5.576838882,4.692304376,6.463346029,5.268428178,5.879957167,2070,2
139,2,6.043781223,5.329040282,6.761031309,5.794444867,6.287608856,2070,2
139,3,6.748619364,6.287791764,7.209910202,6.589457642,6.904680214,2070,2
140,1,5.56674472,4.683811235,6.451647277,5.258892244,5.869314357,2085,2
140,2,6.032841889,5.31939464,6.748793741,5.783956835,6.27622819,2085,2
140,3,6.736404262,6.276410766,7.196860157,6.577530625,6.89218264,2085,2
141,1,5.556668829,4.675333466,6.439969699,5.249373571,5.85869081,2100,2
141,2,6.021922355,5.309766456,6.736578324,5.773487787,6.264868123,2100,2
141,3,6.724211269,6.265050369,7.183833732,6.565625196,6.879707687,2100,2
142,1,5.546611176,4.666871043,6.428313257,5.239872126,5.848086493,2115,2
142,2,6.011022585,5.300155699,6.724385016,5.763037687,6.253528618,2115,2
142,3,6.712040346,6.253710534,7.170830886,6.553741316,6.867255313,2115,2
143,1,5.536571726,4.658423936,6.416677914,5.230387879,5.837501369,2130,2
143,2,6.000142545,5.290562338,6.712213779,5.752606503,6.242209638,2130,2
143,3,6.699891453,6.242391225,7.157851575,6.541878947,6.854825478,2130,2
144,1,5.526550449,4.64999212,6.405063631,5.220920799,5.826935404,2145,2
144,2,5.989282197,5.280986341,6.700064572,5.742194199,6.230911145,2145,2
144,3,6.687764549,6.231092403,7.144895757,6.530038048,6.842418142,2145,2
145,1,5.51654731,4.641575564,6.39347037,5.211470855,5.816388564,2160,2
145,2,5.978441507,5.271427677,6.687937355,5.731800742,6.219633103,2160,2
145,3,6.675659596,6.219814033,7.131963388,6.518218582,6.830033262,2160,2
146,1,4.299926427,2.240285438,7.211645174,3.379407134,6.069037163,179,2
146,2,3.510668346,2.048500683,4.969890118,3.022174198,4.019655287,179,2
146,3,3.510668346,2.048500683,4.969890118,3.022174198,4.019655287,179,2
147,1,6.243424339,5.037550127,7.452600863,5.823246784,6.6568112,239,2
147,2,3.471847833,1.806655506,7.63193532,2.714873535,6.734832903,239,2
147,3,2.802534346,1.635299309,3.967417705,2.412573947,3.208853953,239,2
148,1,6.153589463,4.965066236,7.345367486,5.739457725,6.561028218,359,2
148,2,6.781292996,5.820314798,7.745177602,6.445918933,7.110243864,359,2
148,3,2.183838351,1.139106809,8.186347229,1.716883066,7.616082527,359,2
149,1,6.20153198,4.913631722,7.457697046,5.755409671,6.64734425,719,2
149,2,6.78550032,5.699580209,7.800739722,6.402562598,7.170077774,719,2
149,3,7.648479224,6.899751447,8.392978334,7.361961526,7.937842757,719,2
